"","date","spending_on_all_cards","spend_ma","cbi_index"
"1",2020-03-07,209794.156686669,212491.941136669,100
"2",2020-03-08,143618.324486669,209925.317551907,98.7921313292953
"3",2020-03-09,186403.063386669,207907.063675716,97.8423287789518
"4",2020-03-10,195821.367760002,206436.369750002,97.1502112718844
"5",2020-03-11,195102.740960002,205902.641291431,96.8990354128299
"6",2020-03-12,264507.789010002,209943.052714288,98.8004776045874
"7",2020-03-13,261256.099270002,208071.934508573,97.9199179957358
"8",2020-03-14,182563.579333336,204181.852029526,96.0892215193242
"9",2020-03-15,126185.668533336,201691.472607621,94.917233815422
"10",2020-03-16,187674.864783336,201873.158521431,95.0027363115815
"11",2020-03-17,89867.8895950015,186736.947355002,87.8795432693129
"12",2020-03-18,158413.168435002,181495.57985143,85.4129238410493
"13",2020-03-19,179568.307060002,169361.368144288,79.7024900042487
"14",2020-03-20,199691.451180002,160566.418417145,75.5635331665934
"15",2020-03-21,149327.227180002,155818.368109526,73.3290718113906
"16",2020-03-22,86911.8744000021,150207.826090478,70.6887166106072
"17",2020-03-23,143311.134210002,143870.150294288,67.7061678314447
"18",2020-03-24,161833.581880002,154150.963477859,72.5443810495917
"19",2020-03-25,153059.790120002,153386.195147145,72.1844764213864
"20",2020-03-26,172655.369020002,152398.632570002,71.719723465646
"21",2020-03-27,203203.043890002,152900.288671431,71.955805878346
"22",2020-03-28,129265.852363336,150034.377983336,70.6070908763724
"23",2020-03-29,75761.8615033356,148441.518998097,69.8574817492132
"24",2020-03-30,121558.621523336,145334.017185717,68.3950724946513
"25",2020-03-31,137160.944280002,141809.354671431,66.736344876356
"26",2020-04-01,133799.226420002,139057.845571431,65.4414679575978
"27",2020-04-02,155378.396370002,136589.706621431,64.2799467550537
"28",2020-04-03,166486.431170002,131344.476232859,61.8115094296128
"29",2020-04-04,116416.716893335,129508.885451431,60.9476692427287
"30",2020-04-05,79084.9004733355,129983.605304288,61.1710752930089
"31",2020-04-06,122522.742343335,130121.336850002,61.2358925961864
"32",2020-04-07,149780.078900002,131924.070367145,62.0842699546403
"33",2020-04-08,146543.165410002,133744.633080002,62.9410378410451
"34",2020-04-09,179958.838640002,137256.124832859,64.5935672188998
"35",2020-04-10,153967.026502002,135467.638451716,63.7518946493069
"36",2020-04-11,123219.417502002,136439.452824383,64.2092364042309
"37",2020-04-12,60463.0191620021,133779.184065621,62.9572977450369
"38",2020-04-13,82161.3592320021,128013.272192574,60.2438245459102
"39",2020-04-14,143455.493352002,127109.759971431,59.8186261989471
"40",2020-04-15,144202.444410002,126775.371257145,59.6612608360552
"41",2020-04-16,167426.305350002,124985.009358574,58.8187056365525
"42",2020-04-17,175281.915770002,128029.993539717,60.2516937135847
"43",2020-04-18,123304.521673335,128042.151278478,60.2574152193966
"44",2020-04-19,80762.1841833354,130942.031995812,61.6221167237554
"45",2020-04-20,130120.521683335,137793.340917431,64.8463843759637
"46",2020-04-21,152436.070880002,139076.280564288,65.4501435773688
"47",2020-04-22,147994.869130002,139618.055524288,65.7051061689391
"48",2020-04-23,174451.483980002,140621.652471431,66.177404996732
"49",2020-04-24,194229.028560002,143328.382870002,67.4512087862275
"50",2020-04-25,133133.444476669,144732.51469905,68.1120017657337
"51",2020-04-26,91069.4117466688,146204.975779526,68.804950906581
"52",2020-04-27,142294.098916669,147944.058241431,69.6233736912767
"53",2020-04-28,167229.319040002,150057.379407145,70.6179154863253
"54",2020-04-29,159964.250310003,151767.291004288,71.4226102846298
"55",2020-04-30,209165.324640003,156726.411098574,73.7564023652886
"56",2020-05-01,203518.314990004,158053.452017145,74.3809158934125
"57",2020-05-02,139238.776921669,158925.642366431,74.7913739769616
"58",2020-05-03,92729.5288316691,159162.801950003,74.9029827195345
"59",2020-05-04,99766.9533316691,153087.49543786,72.0439065213293
"60",2020-05-05,178601.933805002,154712.154690003,72.8084810475217
"61",2020-05-06,170150.537320003,156167.338548574,73.4932994226504
"62",2020-05-07,186676.194150003,152954.605621431,71.9813677654039
"63",2020-05-08,196910.505370002,152010.632818574,71.5371284225809
"64",2020-05-09,135420.941533336,151465.227763098,71.2804574859992
"65",2020-05-10,96898.4976033357,152060.794730479,71.5607349234376
"66",2020-05-11,145028.966163336,158526.796563574,74.603674716122
"67",2020-05-12,165908.133310002,156713.39649286,73.750277612677
"68",2020-05-13,156207.513150003,154721.535897145,72.8128959006651
"69",2020-05-14,180614.290730002,153855.549694288,72.4053575261626
"70",2020-05-15,195351.850870003,153632.884765717,72.3005700563977
"71",2020-05-16,138482.281976669,154070.219114764,72.5063822611845
"72",2020-05-17,97041.2989966689,154090.619313812,72.5159827189423
"73",2020-05-18,160478.221276669,156297.655758574,73.5546274943423
"74",2020-05-19,177342.559750003,157931.145250003,74.3233575848534
"75",2020-05-20,173654.541870003,160423.577924288,75.496311561815
"76",2020-05-21,197683.628530002,162862.05475286,76.6438735895924
"77",2020-05-22,219505.349840003,166312.554605717,78.2676998083184
"78",2020-05-23,164175.396303336,169982.999509526,79.995033505858
"79",2020-05-24,103892.259283336,170961.708121907,80.4556197319265
"80",2020-05-25,166984.764613336,171891.21431286,80.8930509991926
"81",2020-05-26,186569.800810002,173209.391607146,81.5133932518138
"82",2020-05-27,182166.410340003,174425.372817146,82.0856414055533
"83",2020-05-28,221989.544190003,177897.64648286,83.7197145130511
"84",2020-05-29,250444.721470003,182317.556715717,85.7997511531299
"85",2020-05-30,171475.005333336,183360.358005717,86.2904997831352
"86",2020-05-31,111330.441543336,184422.955471431,86.7905646138437
"87",2020-06-01,125504.592343336,178497.216575717,84.001875845688
"88",2020-06-02,203130.356230003,180863.010207146,85.115232718788
"89",2020-06-03,197939.485450003,183116.306651432,86.1756477313444
"90",2020-06-04,222660.573280003,183212.167950003,86.220760641537
"91",2020-06-05,237357.676620003,181342.590114289,85.3409259401768
"92",2020-06-06,170119.478093336,181148.943365717,85.2497946024255
"93",2020-06-07,111958.122553336,181238.612081432,85.2919932454586
"94",2020-06-08,177445.365503336,188658.72253286,88.783942357381
"95",2020-06-09,196148.600100002,187661.328800003,88.3145627999625
"96",2020-06-10,191643.459230003,186761.89648286,87.8912844806382
"97",2020-06-11,220248.816550004,186417.359807146,87.7291434253722
"98",2020-06-12,236883.308780003,186349.59297286,87.6972519409596
"99",2020-06-13,179554.34307667,187697.430827622,88.3315526337539
"100",2020-06-14,117592.26009667,188502.307619527,88.7103325477587
"101",2020-06-15,179079.26951667,188735.722478574,88.8201790001931
"102",2020-06-16,200907.076230002,189415.50478286,89.1400886874262
"103",2020-06-17,198966.939300003,190461.716221431,89.6324421540917
"104",2020-06-18,223968.520160004,190993.102451431,89.8825157461336
"105",2020-06-19,246329.450640003,192342.551288574,90.5175745770353
"106",2020-06-20,189743.430303336,193798.135178098,91.2025812091634
"107",2020-06-21,118512.738013336,193929.632023336,91.2644644243736
"108",2020-06-22,177626.885453336,193722.148585717,91.1668214565936
"109",2020-06-23,208953.169640002,194871.590501431,91.7077558137112
"110",2020-06-24,195160.651680003,194327.835127146,91.451861227132
"111",2020-06-25,229586.822620003,195130.449764288,91.8295765573462
"112",2020-06-26,261923.340380003,197358.148298574,92.877945037755
"113",2020-06-27,197729.728503337,198499.048041431,93.4148593963675
"114",2020-06-28,131515.223453337,200356.545961431,94.2890092159154
"115",2020-06-29,201896.677213337,203823.659070003,95.9206537338323
"116",2020-06-30,228317.953350002,206590.05674286,97.2225373055382
"117",2020-07-01,226615.941420004,211083.66956286,99.3372588314289
"118",2020-07-02,240045.791650003,212577.807995718,100.040409466161
"119",2020-07-03,265102.146260003,213031.923121432,100.254118806518
"120",2020-07-04,200477.457920003,213424.455895241,100.438847117488
"121",2020-07-05,132867.764770003,213617.676083337,100.529777713284
"122",2020-07-06,193218.435470003,212377.92726286,99.9463443774862
"123",2020-07-07,216656.227850003,210711.966477146,99.1623330983748
"124",2020-07-08,207823.907950003,208027.390267146,97.8989552047757
"125",2020-07-09,235792.236230003,207419.73949286,97.6129910543071
"126",2020-07-10,253759.693740003,205799.38913286,96.8504443189663
"127",2020-07-11,196721.123203337,205262.769887622,96.5979080381231
"128",2020-07-12,131894.181553337,205123.686570956,96.5324545833132
"129",2020-07-13,192518.252143337,205023.660381432,96.4853816501051
"130",2020-07-14,206320.793400003,203547.169745717,95.7905361760527
"131",2020-07-15,208977.592800003,203711.981867146,95.8680977628813
"132",2020-07-16,232254.829310003,203206.638021432,95.6302798752894
"133",2020-07-17,257727.524670003,203773.471011432,95.8970349281954
"134",2020-07-18,198410.55782667,204014.818814765,96.0106146724634
"135",2020-07-19,129784.01433667,203713.366355241,95.8687493114002
"136",2020-07-20,189520.15631667,203285.066951432,95.6671890067983
"137",2020-07-21,203881.142680002,202936.545420003,95.5031726541948
"138",2020-07-22,204784.916930003,202337.591724289,95.2213014018026
"139",2020-07-23,240093.989380003,203457.471734289,95.7483237462781
"140",2020-07-24,269791.1525,205180.847138574,96.5593546941186
"141",2020-07-25,207491.721483337,206478.156232383,97.169876244663
"142",2020-07-26,139830.125643337,207913.314990479,97.8452706857031
"143",2020-07-27,204449.473413337,210046.074575717,98.8489603192155
"144",2020-07-28,218691.360940003,212161.820041431,99.8446430045902
"145",2020-07-29,220179.285830003,214361.015598574,100.879597810584
"146",2020-07-30,258263.451230003,216956.653005717,102.10112056258
"147",2020-07-31,290582.461600004,219926.840020003,103.498908637929
"148",2020-08-01,216202.532723336,221171.241625717,104.084531602761
"149",2020-08-02,139367.127233337,221105.098995717,104.053404478765
"150",2020-08-03,148412.306593336,213099.789450003,100.286057113546
"151",2020-08-04,225898.399300003,214129.366358575,100.770582269213
"152",2020-08-05,217047.612310003,213681.984427146,100.560041611042
"153",2020-08-06,244356.625330003,211695.29501286,99.6250934884649
"154",2020-08-07,262418.576500003,207671.882855717,97.7316512545521
"155",2020-08-08,193055.896083336,204365.220478574,96.1755158268014
"156",2020-08-09,132768.541743336,203422.565408574,95.7318966170763
"157",2020-08-10,196028.928723336,210224.939998574,98.9331354751772
"158",2020-08-11,204578.638280002,207179.25985286,97.4998198729843
"159",2020-08-12,205974.001020002,205597.31538286,96.7553471830847
"160",2020-08-13,236979.171490002,204543.393405717,96.2593650900673
"161",2020-08-14,265176.937340003,204937.444954288,96.4448081456785
"162",2020-08-15,198928.522220003,205776.391545241,96.8396215143478
"163",2020-08-16,137202.962250003,206409.88018905,97.1377451233754
"164",2020-08-17,195616.486500003,206350.959871431,97.1100168635158
"165",2020-08-18,203853.573370003,206247.379170003,97.0612711553848
"166",2020-08-19,198543.196090003,205185.835608574,96.5617022984436
"167",2020-08-20,228082.361250003,203914.862717146,95.963574724932
"168",2020-08-21,259063.344660003,203041.492334289,95.5525613104066
"169",2020-08-22,204428.42596667,203827.192869527,95.9223167613829
"170",2020-08-23,137963.30237667,203935.812887622,95.9734340025894
"171",2020-08-24,196151.68496667,204012.269811432,96.0094150959902
"172",2020-08-25,211820.149190002,205150.352071431,96.5450035300324
"173",2020-08-26,214818.354930002,207475.37476286,97.6391733507755
"174",2020-08-27,249362.700160003,210515.423178574,99.0698386265748
"175",2020-08-28,283618.007750003,214023.232191431,100.720634884585
"176",2020-08-29,220803.89890667,216362.585468574,101.821548766132
"177",2020-08-30,148203.80559667,217825.514500003,102.510012066718
"178",2020-08-31,214795.81854667,220488.962154289,103.763446733482
"179",2020-09-01,234399.925590002,223714.644497146,105.281472464529
"180",2020-09-02,212366.289410003,223364.34942286,105.11662147187
"181",2020-09-03,244500.346040002,222669.727405717,104.789728125502
"182",2020-09-04,265791.389920002,220123.067715717,103.591254585105
"183",2020-09-05,210265.229163336,218617.543466669,102.882745716018
"184",2020-09-06,142342.316993336,217780.187951907,102.488681117482
"185",2020-09-07,197222.017233336,215269.644907145,101.307204290016
"186",2020-09-08,199996.306880002,210354.842234288,98.9942682574459
"187",2020-09-09,203240.242410002,209051.121234288,98.3807292248472
"188",2020-09-10,237245.431310003,208014.704844288,97.8929853676186
"189",2020-09-11,266151.735120003,208066.182730003,97.9172111737546
"190",2020-09-12,210231.503350003,208061.364756669,97.9149438061982
"191",2020-09-13,142234.128630003,208045.909276193,97.9076703630768
"192",2020-09-14,193625.036510003,207532.054887145,97.665847362026
"193",2020-09-15,204641.915720002,208195.71329286,97.9781690445163
"194",2020-09-16,202579.701440002,208101.350297145,97.9337612447619
"195",2020-09-17,240196.403530002,208522.917757145,98.1321534556593
"196",2020-09-18,264839.372260002,208335.437348574,98.0439240350193
"197",2020-09-19,206260.161943336,207768.102861907,97.7769329747316
"198",2020-09-20,141611.860483336,207679.207412383,97.7350982354712
"199",2020-09-21,195530.983453336,207951.485547145,97.8632339818461
"200",2020-09-22,201131.998340002,207450.068778574,97.6272642006444
"201",2020-09-23,213126.159970002,208956.705711431,98.3362967054997
"202",2020-09-24,250874.213680002,210482.107161431,99.0541599062594
"203",2020-09-25,291893.080740002,214346.922658573,100.872965587298
"204",2020-09-26,218294.176803336,216066.067638573,101.682005671738
"205",2020-09-27,148655.311103336,217072.274870002,102.155532915193
"206",2020-09-28,207392.168833336,218766.729924288,102.952953770413
"207",2020-09-29,209447.084210002,219954.599334288,103.51197234008
"208",2020-09-30,221724.537220002,221182.938941431,104.090036430686
"209",2020-10-01,256691.981810003,222014.048674288,104.481161726267
"210",2020-10-02,268280.677900003,218640.848268574,102.893713097548
"211",2020-10-03,209857.472190003,217435.604752383,102.326518167828
"212",2020-10-04,138374.938280003,215966.980063336,101.635374456122
"213",2020-10-05,202205.383030003,215226.01066286,101.286669749246
"214",2020-10-06,214895.933780002,216004.417744288,101.652992856496
"215",2020-10-07,204142.982230002,213492.767031431,100.470994753687
"216",2020-10-08,237879.516430002,210805.271977145,99.2062432342134
"217",2020-10-09,264189.018220002,210220.749165717,98.9311632437432
"218",2020-10-10,205974.48659667,209666.036938098,98.6701122953393
"219",2020-10-11,134844.29735667,209161.659663336,98.4327492819169
"220",2020-10-12,192167.06265667,207727.613895717,97.7578786209648
"221",2020-10-13,200978.016800003,205739.340041431,96.8221848512858
"222",2020-10-14,192685.289540002,204102.526800002,96.0518905838078
"223",2020-10-15,233372.950850002,203458.731717145,95.7489167018745
"224",2020-10-16,258769.652750003,202684.536650003,95.3845757941669
"225",2020-10-17,211174.811326669,203427.44018286,95.7341907155061
"226",2020-10-18,139045.266276669,204027.578600003,96.0166195050087
"227",2020-10-19,209411.491996669,206491.068505717,97.1759528390338
"228",2020-10-20,237016.682190003,211639.449275717,99.5988121448785
"229",2020-10-21,244060.493800003,218978.764170003,103.052738376163
"230",2020-10-22,217634.808860003,216730.458171431,101.994671897715
"231",2020-10-23,249976.886460002,215474.348701431,101.403539140736
"232",2020-10-24,178444.515587502,210798.592167264,99.2030996750529
"233",2020-10-25,117420.230397502,207709.301327383,97.7492606149193
"234",2020-10-26,127415.154747502,195995.538863217,92.236692749283
"235",2020-10-27,195025.822817502,189996.844667145,89.4136707730222
"236",2020-10-28,200368.793470002,183755.173191431,86.4763022110304
"237",2020-10-29,238107.502660002,186679.843734288,87.852669958067
"238",2020-10-30,269539.491770003,189474.501635716,89.167852965234
"239",2020-10-31,179475.827526669,189621.83191274,89.2371874897509
"240",2020-11-01,127535.969416669,191066.937486907,89.9172629629366
"241",2020-11-02,188255.313156669,199758.388688217,94.0075127647959
"242",2020-11-03,210481.980120002,201966.411160002,95.0466215705108
"243",2020-11-04,192792.273740002,200884.051198574,94.5372563891121
"244",2020-11-05,227500.749540002,199368.80075286,93.8241703127137
"245",2020-11-06,251431.564520003,196781.95400286,92.6067844974388
"246",2020-11-07,183237.191196669,197319.291670002,92.8596588720003
"247",2020-11-08,125699.119266669,197056.884505717,92.7361684643725
"248",2020-11-09,186729.809126669,196838.955358574,92.6336096821537
"249",2020-11-10,199646.212920003,195290.988615717,91.9051271173202
"250",2020-11-11,194572.201390003,195545.263994288,92.0247906571285
"251",2020-11-12,229938.857620002,195893.565148574,92.188703298908
"252",2020-11-13,255358.263990003,196454.522215717,92.4526931067765
"253",2020-11-14,189609.388120003,197364.836061907,92.8810923398585
"254",2020-11-15,128636.226210003,197784.422768098,93.0785523959651
"255",2020-11-16,187368.074460003,197875.603530003,93.1214626171326
"256",2020-11-17,200627.067250002,198015.725577145,93.1874049048228
"257",2020-11-18,198713.022300002,198607.271421431,93.4657899772736
"258",2020-11-19,230580.119980002,198698.880330002,93.5089016868667
"259",2020-11-20,261118.654760003,199521.793297145,93.8961695346453
"260",2020-11-21,194472.641373336,200216.543761907,94.2231233292436
"261",2020-11-22,140182.064883336,201865.949286669,94.999343601852
"262",2020-11-23,202885.511953336,204082.726071431,96.0425722405024
"263",2020-11-24,218207.346740002,206594.194570003,97.2244845921601
"264",2020-11-25,226005.493210002,210493.118985717,99.0593421377489
"265",2020-11-26,272933.127670003,216543.548655717,101.906711142726
"266",2020-11-27,348697.749130004,229054.847851431,107.794604645317
"267",2020-11-28,228722.98828667,233947.754553336,110.097236300772
"268",2020-11-29,164723.24358667,237453.637225241,111.747126011013
"269",2020-11-30,246146.39886667,243633.763927146,114.655531228098
"270",2020-12-01,293661.792030003,254412.970397146,119.72829135836
"271",2020-12-02,273298.501650004,261169.114460004,122.907773849186
"272",2020-12-03,296308.902530003,264508.510868575,124.479314111235
"273",2020-12-04,319326.418610004,260312.606508575,122.504695997459
"274",2020-12-05,257366.501906671,264404.537025718,124.430383388356
"275",2020-12-06,180355.358766671,266637.696337147,125.481321743704
"276",2020-12-07,244246.165796671,266366.234470004,125.353570137836
"277",2020-12-08,266782.328120003,262526.311054289,123.546478821726
"278",2020-12-09,262092.760950004,260925.49095429,122.793123145536
"279",2020-12-10,307214.253660004,262483.398258575,123.526283799042
"280",2020-12-11,330141.165090004,264028.362041432,124.253353152634
"281",2020-12-12,258815.689850004,264235.38889048,124.350781247055
"282",2020-12-13,179583.005740004,264125.052743813,124.298856385304
"283",2020-12-14,249392.904240004,264860.301092861,124.644868730579
"284",2020-12-15,269417.815370003,265236.799271432,124.822051063499
"285",2020-12-16,265513.879220004,265725.530452861,125.05205093023
"286",2020-12-17,308036.624160003,265843.011952861,125.107338438721
"287",2020-12-18,352505.987390004,269037.986567146,126.610912925921
"288",2020-12-19,274185.250440004,271233.638080004,127.644199883116
"289",2020-12-20,196992.909460004,273720.767182861,128.814657967104
"290",2020-12-21,304391.036920004,281577.643280004,132.512151648566
"291",2020-12-22,366717.202710004,295477.555757147,139.05353500776
"292",2020-12-23,387182.590840005,312858.80027429,147.233254400489
"293",2020-12-24,272091.459310005,307723.77672429,144.816681083623
"294",2020-12-25,46009.3119350019,263938.537373576,124.211081117574
"295",2020-12-26,81183.3768850019,236366.841151432,111.235673168145
"296",2020-12-27,103259.688705002,222976.381043575,104.934041192726
"297",2020-12-28,128840.942345002,197897.796104289,93.13190657758
"298",2020-12-29,156492.141035002,167865.644436431,78.9985933294595
"299",2020-12-30,192880.528015002,140108.206890002,65.9357743830335
"300",2020-12-31,210543.908330003,131315.699607145,61.7979669745152
"301",2021-01-01,85596.4617675018,136971.006726074,64.4593889035902
"302",2021-01-02,130031.815450835,143949.355092621,67.7434420913106
"303",2021-01-03,100973.094990835,143622.69884774,67.589715675554
"304",2021-01-04,177051.055180835,150509.857824288,70.8308545816728
"305",2021-01-05,200522.823530002,156799.955323573,73.7910127249127
"306",2021-01-06,191572.519810002,156613.097008574,73.7030760652915
"307",2021-01-07,204917.163250002,155809.276282859,73.3247931424594
"308",2021-01-08,220825.352680002,175127.689270359,82.4161558003378
"309",2021-01-09,151826.792380002,178241.257403097,83.8814199021587
"310",2021-01-10,108818.451550002,179362.022625835,84.4088588331332
"311",2021-01-11,167804.698550002,178041.114535716,83.7872314513825
"312",2021-01-12,175814.010760002,174511.284140002,82.1260717966528
"313",2021-01-13,167962.510050002,171138.425602859,80.5387840533621
"314",2021-01-14,197259.151860002,170044.423975716,80.0239402332667
"315",2021-01-15,214646.093580002,169161.672675716,79.6085121020736
"316",2021-01-16,156670.563786668,169853.640019526,79.9341561430231
"317",2021-01-17,104859.255486668,169288.040581907,79.6679816073708
"318",2021-01-18,163447.543016668,168665.58979143,79.3750524792605
"319",2021-01-19,178831.194580003,169096.616051431,79.5778960589721
"320",2021-01-20,175506.391010002,170174.313331431,80.0850669541294
"321",2021-01-21,204060.365730002,171145.915312859,80.542308756445
"322",2021-01-22,228393.591620002,173109.843604288,81.4665453561593
"323",2021-01-23,167970.337493335,174724.096990954,82.2262228187641
"324",2021-01-24,110192.282913335,175485.958051907,82.5847592681358
"325",2021-01-25,175799.457963335,177250.517330002,83.4151715974958
"326",2021-01-26,193631.993250002,179364.917140002,84.4102210091062
"327",2021-01-27,192668.003880002,181816.576121431,85.5639866381997
"328",2021-01-28,229882.508630002,185505.453678573,87.2999948545161
"329",2021-01-29,258242.413770002,189769.571128574,89.3067144633589
"330",2021-01-30,179952.951966667,191481.373196192,90.1122989285682
"331",2021-01-31,127257.989326667,193919.33125524,91.259616820252
"332",2021-02-01,190595.744796667,196033.086517144,92.2543629036082
"333",2021-02-02,204372.32724,197567.419944287,92.9764295471407
"334",2021-02-03,189110.70416,197059.234270001,92.7372742777372
"335",2021-02-04,215227.80274,194965.704857143,91.7520466019681
"336",2021-02-05,239729.21268,192320.961844286,90.5074144532334
"337",2021-02-06,174885.63003,191597.058710476,90.1667412352576
"338",2021-02-07,114946.29247,189838.24487381,89.3390327455811
"339",2021-02-08,174662.47773,187562.063864286,88.2678481174262
"340",2021-02-09,187712.72482,185182.120661429,87.147832369946
"341",2021-02-10,183329.70953,184356.264285714,86.7591793361902
"342",2021-02-11,202569.52388,182547.938734286,85.9081703323873
"343",2021-02-12,228861.7288,180995.441037143,85.1775554729069
"344",2021-02-13,173691.531006667,180824.855462381,85.097276863822
"345",2021-02-14,110172.422206667,180142.87399619,84.77633223762
"346",2021-02-15,167785.370306667,179160.430078571,84.3139881541862
"347",2021-02-16,183904.46637,178616.393157143,84.0579610698091
"348",2021-02-17,177301.78941,177755.261711429,83.6527073735475
"349",2021-02-18,210286.80994,178857.731148571,84.1715361965351
"350",2021-02-19,231688.45499,179261.549175714,84.3615754163675
"351",2021-02-20,171014.471576667,178879.112114286,84.1815982090519
"352",2021-02-21,113391.554016667,179338.988087143,84.3980186391149
"353",2021-02-22,174445.004076667,180290.36434,84.8457420905399
"354",2021-02-23,191065.3712,181313.350744286,85.3271657148023
"355",2021-02-24,194054.60782,183706.610517143,86.4534483211238
"356",2021-02-25,235798.58972,187351.150485714,88.1685909985712
"357",2021-02-26,275640.41316,193630.001652857,91.1234565494979
"358",2021-02-27,189182.67465,196225.459234762,92.3448946746433
"359",2021-02-28,137274.65382,199637.330635238,93.9505421087178
"360",2021-03-01,202386.09426,203628.914947143,95.8290059650659
"361",2021-03-02,217124.364,207351.628204286,97.580937467611
"362",2021-03-03,201223.72519,208375.787828571,98.0629132163416
"363",2021-03-04,226574.10367,207058.004107143,97.442756181501
"364",2021-03-05,249166.47207,203276.012522857,95.6629279376368
"365",2021-03-06,181723.035126667,202210.34973381,95.1614205471225
"366",2021-03-07,122948.016136667,200163.687207619,94.1982487132909
"367",2021-03-08,182926.296626667,197383.716117143,92.889977408692
"368",2021-03-09,198986.83874,194792.64108,91.6706017357688
"369",2021-03-10,193001.78765,193618.078574286,91.117845476199
"370",2021-03-11,226066.41209,193545.551205714,91.0837136553951
"371",2021-03-12,253069.0268,194103.059024286,91.3460802259056
"372",2021-03-13,202048.499386667,197006.696775714,92.7125498133621
"373",2021-03-14,122847.058746667,196992.274291429,92.7057625045312
"374",2021-03-15,176462.057376667,196068.811541429,92.2711753173371
"375",2021-03-16,210985.42841,197782.89578,93.0778337860783
"376",2021-03-17,129783.24908,188751.675984286,88.8276868170195
"377",2021-03-18,214212.44352,187058.251902857,88.030751143897
"378",2021-03-19,242819.4132,185594.021388571,87.3416753575621
"379",2021-03-20,174442.49661,181650.30670619,85.4857392400392
"380",2021-03-21,119656.75459,181194.548969524,85.271256876977
"381",2021-03-22,180755.8717,181807.951015714,85.5599276109866
"382",2021-03-23,198919.43063,180084.237047143,84.7487373327338
"383",2021-03-24,200402.85824,190172.752641429,89.4964541356958
"384",2021-03-25,241102.43938,194014.180621429,91.3042535089103
"385",2021-03-26,267229.03673,197501.269697143,92.9452988384701
"386",2021-03-27,194130.277873333,200313.809877619,94.2688973549273
"387",2021-03-28,130153.833633333,201813.392598095,94.9746101045284
"388",2021-03-29,195759.447043333,203956.760504286,95.983292078407
"389",2021-03-30,217635.58041,206630.496187143,97.2415683539941
"390",2021-03-31,224419.36095,210061.425145714,98.8561843908276
"391",2021-04-01,276677.78482,215143.617351429,101.247894955722
"392",2021-04-02,230346.201022,209874.640821714,98.768282551821
"393",2021-04-03,187980.423392,208996.090181524,98.3548312766851
"394",2021-04-04,94236.434412,203865.033149905,95.9401246274956
"395",2021-04-05,129662.215152,194422.571451143,91.4964447174472
"396",2021-04-06,210998.324692,193474.392062857,91.0502257299347
"397",2021-04-07,207442.34854,191049.104575714,89.908870686459
"398",2021-04-08,236453.62852,185302.796532857,87.204623169062
"399",2021-04-09,247635.56409,187772.705542571,88.3669773724742
"400",2021-04-10,184724.45413,187307.567076571,88.1480803811286
"401",2021-04-11,123561.64946,191496.883512,90.1195981775302
"402",2021-04-12,184858.26789,199382.033903143,93.8303979137288
"403",2021-04-13,204167.62176,198406.219198571,93.371173578278
"404",2021-04-14,196952.53202,196907.673981429,92.6659490840563
"405",2021-04-15,229008.55288,195844.091747143,92.1654208152682
"406",2021-04-16,252625.44926,196556.932485714,92.5008880027569
"407",2021-04-17,185321.714926667,196642.255456667,92.5410415118716
"408",2021-04-18,131964.782106667,197842.702977619,93.1059794170604
"409",2021-04-19,189430.106206667,198495.822737143,93.4133415485512
"410",2021-04-20,207188.00809,198927.306498571,93.6164004312177
"411",2021-04-21,195672.78907,198744.486077143,93.530364028872
"412",2021-04-22,230487.73887,198955.798361429,93.6298088751826
"413",2021-04-23,268750.79205,201259.41876,94.7139066467257
"414",2021-04-24,191681.372943333,202167.94133381,95.1414628961296
"415",2021-04-25,131954.016833333,202166.403437619,95.140739152828
"416",2021-04-26,195669.906253333,203057.803444286,95.560237417985
"417",2021-04-27,213082.50477,203899.874398571,95.9565211310431
"418",2021-04-28,221152.36782,207539.81422,97.6694989512643
"419",2021-04-29,254454.08485,210963.577931429,99.2807429792091
"420",2021-04-30,299722.00254,215388.036572857,101.362920128028
"421",2021-05-01,221767.501736667,219686.054971905,103.385593729698
"422",2021-05-02,135936.524976667,220254.984706667,103.653335523442
"423",2021-05-03,150093.742036667,213744.104104286,100.589275508953
"424",2021-05-04,219348.1569,214639.197265714,101.010511795205
"425",2021-05-05,212224.28182,213363.756408571,100.410281569851
"426",2021-05-06,239730.00786,211260.316838571,99.4203901138512
"427",2021-05-07,261753.83718,205836.293215714,96.8678116048298
"428",2021-05-08,196165.47811,202178.861269048,95.1466018840742
"429",2021-05-09,135598.63072,202130.590660952,95.1238854422943
"430",2021-05-10,203880.11675,209814.358477143,98.739913313793
"431",2021-05-11,214425.78546,209111.162557143,98.4089850365894
"432",2021-05-12,210432.96263,208855.259815714,98.288555649922
"433",2021-05-13,241849.87187,209158.097531429,98.4310729209744
"434",2021-05-14,268268.61619,210088.780247143,98.8690578679497
"435",2021-05-15,203588.788436667,211149.253150952,99.368122866903
"436",2021-05-16,135345.779316667,211113.131521905,99.3511238085602
"437",2021-05-17,211676.306336667,212226.872891429,99.8752572714888
"438",2021-05-18,222313.95543,213353.754315714,100.405574524114
"439",2021-05-19,222951.78615,215142.157675714,101.247208023452
"440",2021-05-20,248677.59264,216117.546357143,101.70623186982
"441",2021-05-21,279940.04526,217784.893367143,102.490895514513
"442",2021-05-22,220086.575563333,220141.720099524,103.600032510379
"443",2021-05-23,148559.101523333,222029.337557619,104.488356767759
"444",2021-05-24,207921.856083333,221492.987521429,104.235947178331
"445",2021-05-25,227150.95182,222183.987005714,104.561135738702
"446",2021-05-26,221196.33814,221933.208718571,104.443117951391
"447",2021-05-27,262170.45408,223860.760352857,105.35023547499
"448",2021-05-28,309036.05957,228017.333825714,107.306344234043
"449",2021-05-29,228112.3293,229163.87007381,107.845911166305
"450",2021-05-30,144854.9542,228634.706170476,107.59688341471
"451",2021-05-31,225717.09247,231176.882797143,108.793247198234
"452",2021-06-01,252687.99774,234825.032214286,110.510088504134
"453",2021-06-02,239584.92953,237451.973841429,111.746343212473
"454",2021-06-03,281960.47123,240279.119148571,113.076814990377
"455",2021-06-04,303711.62002,239518.484927143,112.718855899147
"456",2021-06-05,231400.309754167,239988.196420595,112.939904985028
"457",2021-06-06,143638.859914167,239814.468665476,112.858147646754
"458",2021-06-07,164044.381264167,231004.081350357,108.711925786297
"459",2021-06-08,224757.6463775,227014.031155714,106.834183894864
"460",2021-06-09,225200.25642,224959.077854286,105.867110371776
"461",2021-06-10,263166.71068,222274.254918571,104.603616367555
"462",2021-06-11,286792.51299,219857.239628571,103.466154270371
"463",2021-06-12,220279.368043333,218268.533669881,102.718499582766
"464",2021-06-13,144965.336863333,218458.030376905,102.807677885722
"465",2021-06-14,210539.763183333,225100.227793929,105.933536391929
"466",2021-06-15,226530.09622,225353.434914286,106.052697202923
"467",2021-06-16,227057.75814,225618.792302857,106.177576004045
"468",2021-06-17,264433.44706,225799.754642857,106.262737981968
"469",2021-06-18,288835.99744,226091.680992857,106.400120297946
"470",2021-06-19,229624.67569,227426.724942381,107.028400101116
"471",2021-06-20,154376.43444,228771.167453333,107.661102924461
"472",2021-06-21,211723.21166,228940.231521429,107.740665503253
"473",2021-06-22,224787.13752,228691.237421429,107.623487365265
"474",2021-06-23,227711.51953,228784.631905714,107.66743937765
"475",2021-06-24,265882.80257,228991.682692857,107.764878737484
"476",2021-06-25,310442.83713,232078.374077143,109.217494478003
"477",2021-06-26,233372.49731,232613.777165714,109.469458428122
"478",2021-06-27,158954.35255,233267.765467143,109.777229300716
"479",2021-06-28,228087.97295,235605.588508571,110.877423044028
"480",2021-06-29,235090.36921,237077.47875,111.570103544547
"481",2021-06-30,251873.19776,240529.147068571,113.194479650346
"482",2021-07-01,286460.47022,243468.813875714,114.577904730571
"483",2021-07-02,295198.7382,241291.085457143,113.553052490565
"484",2021-07-03,227077.023396667,240391.732040952,113.129811302509
"485",2021-07-04,154366.741046667,239736.358969048,112.821388748506
"486",2021-07-05,221586.194186667,238807.533431429,112.384277800839
"487",2021-07-06,237578.46038,239162.975027143,112.551550777787
"488",2021-07-07,233472.24314,236534.267224286,111.314464896414
"489",2021-07-08,264557.42824,233405.261227143,109.841935641702
"490",2021-07-09,290852.50626,232784.37095,109.549740900658
"491",2021-07-10,224340.738933333,232393.473169524,109.365782027496
"492",2021-07-11,154723.997013333,232444.50973619,109.389800146203
"493",2021-07-12,215613.284693333,231591.236951429,108.988244783587
"494",2021-07-13,225005.45444,229795.093245714,108.142968630475
"495",2021-07-14,228294.93471,229055.477755714,107.794901082104
"496",2021-07-15,263845.4716,228953.769664286,107.747036635629
"497",2021-07-16,283862.88185,227955.251891429,107.277128098149
"498",2021-07-17,212105.148206667,226207.310359048,106.454536181001
"499",2021-07-18,147786.932396667,225216.301128095,105.988161209014
"500",2021-07-19,217446.510996667,225478.1906,106.111407987458
"501",2021-07-20,225361.53925,225529.059858571,106.135347369959
"502",2021-07-21,228564.70407,225567.598338571,106.15348381306
"503",2021-07-22,264142.78477,225610.071648571,106.173472011094
"504",2021-07-23,296235.02373,227377.520488571,107.005244185862
"505",2021-07-24,228701.66382,229748.451290476,108.121018642636
"506",2021-07-25,156609.95006,231008.882385238,108.714185182515
"507",2021-07-26,227472.35522,232441.145845714,109.388217078884
"508",2021-07-27,237952.18358,234239.809321429,110.234679051086
"509",2021-07-28,246954.14932,236866.872928571,111.470991163954
"510",2021-07-29,286539.69345,240066.431311429,112.976722800525
"511",2021-07-30,319826.51597,243436.644488571,114.562765621309
"512",2021-07-31,244955.377629167,245758.603604167,115.65549370463
"513",2021-08-01,175193.193489167,248413.352665476,116.904834760629
"514",2021-08-02,180890.040089167,241758.736218214,113.773131783253
"515",2021-08-03,245028.9190625,242769.69843,114.248896749386
"516",2021-08-04,243176.2115,242229.993027143,113.994908103996
"517",2021-08-05,273546.2414,240373.785591429,113.121365594202
"518",2021-08-06,295188.32798,236854.04445,111.464954003908
"519",2021-08-07,224662.210276667,233955.0205425,110.100655719469
"520",2021-08-08,158541.305676667,231576.179426429,108.981158620733
"521",2021-08-09,225888.339796667,238004.507956071,112.006369127662
"522",2021-08-10,232527.49528,236218.590272857,111.165905402938
"523",2021-08-11,238912.37581,235609.470888571,110.879250115671
"524",2021-08-12,270719.85556,235205.701482857,110.689233777379
"525",2021-08-13,291885.91106,234733.927637143,110.467214135979
"526",2021-08-14,225892.515996667,234909.685597143,110.549926901019
"527",2021-08-15,159278.554206667,235015.006815714,110.599491707104
"528",2021-08-16,222836.581016667,234579.041275714,110.394323672181
"529",2021-08-17,232428.5527,234564.906621429,110.387671817899
"530",2021-08-18,230976.13179,233431.157475714,109.854122573796
"531",2021-08-19,269977.4144,233325.094452857,109.804208670101
"532",2021-08-20,294131.97641,233645.960931429,109.955210386616
"533",2021-08-21,231351.61605,234425.832367619,110.322222628124
"534",2021-08-22,157991.16417,234241.919505238,110.235672116422
"535",2021-08-23,222661.95429,234216.97283,110.223932059314
"536",2021-08-24,234945.70316,234576.565752857,110.393158676067
"537",2021-08-25,246289.20454,236764.147574286,111.422647987391
"538",2021-08-26,278841.9524,238030.510145714,112.018605916268
"539",2021-08-27,312944.31904,240717.987664286,113.283349183329
"540",2021-08-28,237623.676153333,241613.996250476,113.705016274042
"541",2021-08-29,171974.381233333,243611.598688095,114.645100131779
"542",2021-08-30,239210.854693333,245975.727317143,115.757673444631
"543",2021-08-31,254810.87116,248813.60846,117.093197572123
"544",2021-09-01,253854.33686,249894.341648571,117.601797184321
"545",2021-09-02,278713.02527,249875.923487143,117.593129485522
"546",2021-09-03,304739.02747,248703.738977143,117.0414923252
"547",2021-09-04,237148.979883333,248635.925224286,117.009578760622
"548",2021-09-05,170888.148073333,248480.749058571,116.936551913164
"549",2021-09-06,224140.258223333,246327.806705714,115.923364146447
"550",2021-09-07,242689.77077,244596.220935714,115.108469350561
"551",2021-09-08,239872.99578,242598.886495714,114.168511614133
"552",2021-09-09,278640.68878,242588.552711429,114.163648472392
"553",2021-09-10,305342.34704,242674.741221429,114.204209309447
"554",2021-09-11,231732.325376667,241900.933434762,113.840050658287
"555",2021-09-12,168815.771006667,241604.879568095,113.70072590786
"556",2021-09-13,222588.750176667,241383.235561429,113.596418890153
"557",2021-09-14,223662.63264,238665.072971429,112.317235041834
"558",2021-09-15,237132.97682,238273.641691429,112.133025100551
"559",2021-09-16,274499.75804,237682.080157143,111.85463264429
"560",2021-09-17,305150.28283,237654.642412857,111.841720274937
"561",2021-09-18,237704.35928,238507.790113333,112.243216772128
"562",2021-09-19,168769.01639,238501.110882381,112.240073485414
"563",2021-09-20,224774.76395,238813.398564286,112.387037968036
"564",2021-09-21,229500.58665,239647.391994286,112.779520349033
"565",2021-09-22,232845.7882,239034.936477143,112.491295057351
"566",2021-09-23,274572.46956,239045.323837143,112.496183412149
"567",2021-09-24,319508.07718,241096.437315714,113.461449891244
"568",2021-09-25,258811.6639,244111.766547143,114.880482168562
"569",2021-09-26,173810.27989,244831.947047143,115.219403492424
"570",2021-09-27,234651.72005,246242.940775714,115.883425723584
"571",2021-09-28,245919.00225,248588.428718571,116.987226616131
"572",2021-09-29,248308.01563,250797.318351429,118.026743513121
"573",2021-09-30,306741.9302,255392.955585714,120.189478348947
"574",2021-10-01,331688.47583,257133.012535714,121.008359733668
"575",2021-10-02,253893.105216667,256430.361295238,120.677687785961
"576",2021-10-03,175364.305886667,256652.365009048,120.782164084037
"577",2021-10-04,228227.140926667,255734.567991429,120.350243224964
"578",2021-10-05,243358.83382,255368.829644286,120.178124534163
"579",2021-10-06,238501.36431,253967.879455714,119.518828854017
"580",2021-10-07,272431.23448,249066.351495714,117.212139982063
"581",2021-10-08,304115.90812,245127.413251429,115.35845168536
"582",2021-10-09,240184.081566667,243168.981301429,114.436801697354
"583",2021-10-10,165428.190156667,241749.536197143,113.768802197377
"584",2021-10-11,219931.769796667,240564.483178571,113.211109038647
"585",2021-10-12,229015.25009,238515.399788571,112.246797931581
"586",2021-10-13,225520.06314,236660.928192857,111.37407231865
"587",2021-10-14,265265.1235,235637.198052857,110.892298687837
"588",2021-10-15,300645.0382,235141.359492857,110.658954045519
"589",2021-10-16,238492.873793333,234899.758382381,110.545255093368
"590",2021-10-17,164963.366583333,234833.355014762,110.514005264663
"591",2021-10-18,218279.778223333,234597.356218571,110.402942795692
"592",2021-10-19,226760.66223,234275.272238571,110.251368115599
"593",2021-10-20,231812.60594,235174.206924286,110.674412246546
"594",2021-10-21,274143.90547,236442.604348571,111.271327789555
"595",2021-10-22,316366.38946,238688.511671429,112.328265436622
"596",2021-10-23,247194.1811425,239931.555578452,112.913249460192
"597",2021-10-24,173062.2061925,241088.532665476,113.457729914762
"598",2021-10-25,178857.5853925,235456.7908325,110.807397952594
"599",2021-10-26,243967.9005325,237914.967732857,111.964230953981
"600",2021-10-27,254466.07187,241151.177151429,113.487210790891
"601",2021-10-28,306179.5867,245727.703041429,115.64095171185
"602",2021-10-29,340013.67025,249105.886011429,117.23074516563
"603",2021-10-30,254700.558923333,250178.225694405,117.73539474304
"604",2021-10-31,177056.132603333,250748.786610238,118.003904180518
"605",2021-11-01,248676.987273333,260722.986878929,122.697823495922
"606",2021-11-02,254800.99006,262270.571097143,123.426126042332
"607",2021-11-03,247782.23385,261315.737094286,122.976775352725
"608",2021-11-04,280392.23291,257631.82941,121.243105988805
"609",2021-11-05,318494.46759,254557.657601429,119.796382036768
"610",2021-11-06,248932.94922,253733.713358095,119.408628864142
"611",2021-11-07,175397.79592,253496.808117619,119.297139816976
"612",2021-11-08,228238.49322,250577.023252857,117.923071299769
"613",2021-11-09,235549.31627,247826.78414,116.628792044685
"614",2021-11-10,238809.10212,246544.908178571,116.025533420112
"615",2021-11-11,280882.50493,246614.947038571,116.058494133646
"616",2021-11-12,306624.0573,244919.17414,115.260453092889
"617",2021-11-13,247349.120146667,244692.91284381,115.153973150648
"618",2021-11-14,175258.243646667,244672.976804762,115.144591129409
"619",2021-11-15,227404.637016667,244553.85449,115.08853144351
"620",2021-11-16,232788.03622,244159.385911429,114.902892131044
"621",2021-11-17,241755.95672,244580.36514,115.101007516653
"622",2021-11-18,280116.8292,244470.982892857,115.049531565821
"623",2021-11-19,316329.07428,245857.41389,115.701994426166
"624",2021-11-20,252480.798986667,246590.510867143,116.046994322737
"625",2021-11-21,176330.466496667,246743.68556,116.119079264894
"626",2021-11-22,234545.179146667,247763.763007143,116.599133916231
"627",2021-11-23,240015.37769,248796.24036,117.08502403862
"628",2021-11-24,252257.13176,250296.408222857,117.791012159785
"629",2021-11-25,332722.93146,257811.565688571,121.327690974762
"630",2021-11-26,398338.15034,269527.147982857,126.841115263522
"631",2021-11-27,291437.001646667,275092.319791429,129.460118967287
"632",2021-11-28,209997.821406667,279901.941921429,131.723556396618
"633",2021-11-29,275032.804866667,285685.888452857,134.445516815676
"634",2021-11-30,275389.16573,290739.286744286,136.823676789366
"635",2021-12-01,278307.20607,294460.725931429,138.575008706819
"636",2021-12-02,305574.81866,290582.424102857,136.749856276179
"637",2021-12-03,332827.8963,281223.816382857,132.345638558585
"638",2021-12-04,273607.664043333,278676.76815381,131.146982169348
"639",2021-12-05,190222.827533333,275851.769029048,129.817520397928
"640",2021-12-06,259506.619763333,273633.742585714,128.773703662352
"641",2021-12-07,216923.58719,265281.51708,124.843095536211
"642",2021-12-08,269602.53098,264037.992067143,124.257885101309
"643",2021-12-09,322823.69069,266502.116642857,125.417517114896
"644",2021-12-10,354779.15328,269638.010497143,126.893287837076
"645",2021-12-11,283988.4818,271120.984462381,127.591184405438
"646",2021-12-12,198035.69824,272237.108849048,128.116439330728
"647",2021-12-13,274804.8715,274422.573382857,129.144932233621
"648",2021-12-14,281843.39204,283696.831218571,133.509454382604
"649",2021-12-15,295250.94457,287360.890302857,135.233782874634
"650",2021-12-16,337024.70713,289389.606937143,136.188509262577
"651",2021-12-17,376940.22915,292555.474918571,137.678385991311
"652",2021-12-18,307489.73081,295912.796205714,139.258361810245
"653",2021-12-19,213295.81233,298092.812504286,140.284290740495
"654",2021-12-20,313067.10485,303558.84584,142.856639275915
"655",2021-12-21,344504.07405,312510.371841429,147.069281860638
"656",2021-12-22,384611.28639,325276.134958571,153.076927632452
"657",2021-12-23,436617.5331,339503.681525714,159.772497587264
"658",2021-12-24,296775.78939,328051.618702857,154.383087164639
"659",2021-12-25,55323.343555,292027.849095,137.430082069407
"660",2021-12-26,102339.366085,276176.928202857,129.970542282932
"661",2021-12-27,144768.580035,252134.281800714,118.655926644554
"662",2021-12-28,159060.989068333,225642.412517619,106.188691820784
"663",2021-12-29,180939.077798333,196546.38271881,92.4959232182816
"664",2021-12-30,214797.705058333,164857.835855714,77.5831003161114
"665",2021-12-31,222758.65317,154283.959252857,72.6069696702643
"666",2022-01-01,117575.7164025,163177.155373929,76.7921618584949
"667",2022-01-02,143056.3375725,168993.865586429,79.5295410651533
"668",2022-01-03,158421.2796825,170944.251250357,80.4474044219919
"669",2022-01-04,216078.9502225,179089.674272381,84.2806900414145
"670",2022-01-05,222565.90233,185036.36349119,87.079238159051
"671",2022-01-06,242586.9446,189006.254854286,88.9474931817401
"672",2022-01-07,263604.31601,194841.349545714,91.6935242360075
"673",2022-01-08,210756.179956667,208152.844339167,97.9579946541542
"674",2022-01-09,151315.321296667,209332.699156905,98.5132415079534
"675",2022-01-10,216422.423976667,217618.576913214,102.412625979659
"676",2022-01-11,214597.15922,217406.892484286,102.313005999816
"677",2022-01-12,217727.07789,216715.63185,101.987694540667
"678",2022-01-13,250330.8904,217821.909821429,102.508315683055
"679",2022-01-14,279669.81472,220116.981065714,103.588390170591
"680",2022-01-15,226686.63824,222392.760820476,104.659385965814
"681",2022-01-16,152547.01571,222568.717165238,104.742192091929
"682",2022-01-17,211167.30582,221817.986,104.388893439179
"683",2022-01-18,213713.00265,221691.677918571,104.329452087778
"684",2022-01-19,216185.63666,221471.472028571,104.225821856523
"685",2022-01-20,259497.65498,222781.009825714,104.842098309238
"686",2022-01-21,296317.92118,225159.310748571,105.961341189761
"687",2022-01-22,240577.68012,227143.745302857,106.895228161507
"688",2022-01-23,166640.80203,229157.143348571,107.842745528492
"689",2022-01-24,224665.72992,231085.489648571,108.75023702661
"690",2022-01-25,234711.63268,234085.293938571,110.161963172059
"691",2022-01-26,241128.54024,237648.565878571,111.838860620941
"692",2022-01-27,282632.93774,240953.606272857,113.394232733693
"693",2022-01-28,329195.47274,245650.399352857,115.604572125802
"694",2022-01-29,257768.138153333,248106.179071905,116.760276999084
"695",2022-01-30,181798.102323333,250271.507685238,117.779293815322
"696",2022-01-31,252439.236163333,254239.151434286,119.646491097169
"697",2022-02-01,258585.7311,257649.736922857,121.251533373279
"698",2022-02-02,248361.54016,258683.022625714,121.737803910096
"699",2022-02-03,277545.20787,257956.204072857,121.395758678183
"700",2022-02-04,307077.62676,254796.51179,119.908788270762
"701",2022-02-05,238562.709116667,252052.879070476,118.617618024564
"702",2022-02-06,171947.905506667,250645.708096667,117.955394805047
"703",2022-02-07,224139.584136667,246602.900664286,116.052825036634
"704",2022-02-08,223729.19666,241623.395744286,113.709439733002
"705",2022-02-09,230485.05201,239069.611722857,112.507613438899
"706",2022-02-10,270781.98114,238103.436475714,112.052925490747
"707",2022-02-11,299497.75513,237020.597671429,111.543334962987
"708",2022-02-12,240791.680456667,237339.022148571,111.693187458776
"709",2022-02-13,174711.837156667,237733.869527143,111.879005036826
"710",2022-02-14,225019.917436667,237859.631427143,111.938189351924
"711",2022-02-15,222852.95273,237734.453722857,111.879279962882
"712",2022-02-16,221920.10532,236510.88991,111.303463390116
"713",2022-02-17,271771.96411,236652.316048571,111.370019391165
"714",2022-02-18,278593.90431,233666.051645714,109.964665198962
"715",2022-02-19,238491.565533333,233337.463799524,109.81002975988
"716",2022-02-20,157631.987483333,230897.485274762,108.661761024742
"717",2022-02-21,224111.627693333,230767.729597143,108.600697213604
"718",2022-02-22,232606.42705,232161.083071429,109.256417833799
"719",2022-02-23,240582.70258,234827.168394286,110.511093803436
"720",2022-02-24,287843.16165,237123.053757143,111.591551420123
"721",2022-02-25,340738.71679,246000.884111429,115.76951238504
"722",2022-02-26,262164.56295,249382.740885238,117.361034753239
"723",2022-02-27,182789.82072,252976.717061905,119.052381802657
"724",2022-02-28,264396.01178,258731.629074286,121.760678400447
"725",2022-03-01,263239.85627,263107.833248571,123.820146703516
"726",2022-03-02,252302.00628,264782.019491429,124.60802893279
"727",2022-03-03,290841.00321,265210.282571429,124.809572143187
"728",2022-03-04,325332.876,263009.448172857,123.773846088448
"729",2022-03-05,255193.217816667,262013.541725238,123.30516645651
"730",2022-03-06,176176.653266667,261068.803517619,122.86056690955
"731",2022-03-07,237190.521726667,257182.304938571,121.031557038278
"732",2022-03-08,237227.83511,253466.301915714,119.282783412803
"733",2022-03-09,230689.47837,250378.797928571,117.829785256437
"734",2022-03-10,285955.47167,249680.864851429,117.501333705094
"735",2022-03-11,318594.20953,248718.198212857,117.048296929477
"736",2022-03-12,243436.803156667,247038.710404286,116.257919751129
"737",2022-03-13,173675.583996667,246681.414794286,116.089774263781
"738",2022-03-14,235531.312396667,246444.38489,115.978226549069
"739",2022-03-15,257353.13659,249319.427958571,117.331239304843
"740",2022-03-16,316473.59821,261574.302221429,123.098457674304
"741",2022-03-17,197591.439364,248950.869034857,117.157793233551
"742",2022-03-18,210308.658144,233481.504551143,109.877816213733
"743",2022-03-19,223646.860624,230654.369903619,108.547349452311
"744",2022-03-20,161804.935074,228958.562914667,107.749292368414
"745",2022-03-21,232455.379814,228519.143974286,107.542499142266
"746",2022-03-22,233703.65541,225140.646662857,105.952557757498
"747",2022-03-23,240097.13597,214229.723485714,100.817810943676
"748",2022-03-24,285456.98668,226781.944530857,106.724962517518
"749",2022-03-25,337107.10628,244896.008550286,115.249551225463
"750",2022-03-26,272284.82546,251844.289241143,118.519454382114
"751",2022-03-27,179334.8068,254348.556630571,119.697977848008
"752",2022-03-28,241206.15341,255598.667144286,120.28628745967
"753",2022-03-29,247203.28489,257527.185641429,121.19385999481
"754",2022-03-30,258824.51252,260202.525148571,122.452891039861
"755",2022-03-31,320174.66572,265162.193582857,124.786941172659
"756",2022-04-01,344356.22789,266197.782384286,125.274295561672
"757",2022-04-02,264816.42626,265130.868212857,124.772199262998
"758",2022-04-03,183243.80773,265689.296917143,125.034999207927
"759",2022-04-04,239453.76403,265438.955577143,124.9171870506
"760",2022-04-05,253432.92422,266328.904052857,125.336002216461
"761",2022-04-06,253493.41365,265567.3185,124.977595422875
"762",2022-04-07,295957.6258,262107.741368571,123.34949738164
"763",2022-04-08,324607.6963,259286.52257,122.021814654719
"764",2022-04-09,258768.032853333,258422.466369048,121.615184550852
"765",2022-04-10,179357.150073333,257867.229560952,121.353886731685
"766",2022-04-11,248175.716743333,259113.222805714,121.940258731535
"767",2022-04-12,247231.0035,258227.234131429,121.523307072311
"768",2022-04-13,262952.54109,259578.538051429,122.159238916489
"769",2022-04-14,326047.85806,263877.14266,124.182188391927
"770",2022-04-15,281632.805844,257737.872594857,121.293010556616
"771",2022-04-16,242171.771650667,255366.978137333,120.177253203729
"772",2022-04-17,133673.727050667,248840.774848381,117.105982239737
