"","date","retail_recreation","grocery_pharmacy","public_transport","workplaces","residential"
"552999",2020-02-15,NA,NA,NA,NA,NA
"553000",2020-02-16,NA,NA,NA,NA,NA
"553001",2020-02-17,NA,NA,NA,NA,NA
"553002",2020-02-18,NA,NA,NA,NA,NA
"553003",2020-02-19,NA,NA,NA,NA,NA
"553004",2020-02-20,NA,NA,NA,NA,NA
"553005",2020-02-21,1.14285714285714,-3,-3.14285714285714,-7.71428571428571,2.14285714285714
"553006",2020-02-22,2.42857142857143,-2.14285714285714,-1.57142857142857,-7.28571428571429,1.71428571428571
"553007",2020-02-23,2.85714285714286,-1.42857142857143,-0.571428571428571,-7.14285714285714,1.42857142857143
"553008",2020-02-24,1.85714285714286,-1.14285714285714,-0.428571428571429,-5.85714285714286,1.14285714285714
"553009",2020-02-25,0.714285714285714,-0.428571428571429,-0.428571428571429,-4.42857142857143,1
"553010",2020-02-26,0.285714285714286,0,0,-2.85714285714286,0.714285714285714
"553011",2020-02-27,-0.285714285714286,0.571428571428571,0.714285714285714,-0.857142857142857,0.428571428571429
"553012",2020-02-28,0,1.71428571428571,1.42857142857143,1.14285714285714,0
"553013",2020-02-29,-1.42857142857143,1.28571428571429,0.285714285714286,0.857142857142857,0.428571428571429
"553014",2020-03-01,-0.571428571428571,2,0.428571428571429,1.14285714285714,0.428571428571429
"553015",2020-03-02,-0.142857142857143,2.14285714285714,0.428571428571429,1.14285714285714,0.428571428571429
"553016",2020-03-03,1.28571428571429,2.42857142857143,0.714285714285714,1.14285714285714,0.285714285714286
"553017",2020-03-04,2.14285714285714,3,0.714285714285714,1,0.285714285714286
"553018",2020-03-05,2.14285714285714,3.14285714285714,0.142857142857143,1,0.285714285714286
"553019",2020-03-06,2.14285714285714,3.42857142857143,-0.428571428571429,1,0.285714285714286
"553020",2020-03-07,3.42857142857143,4.28571428571429,0.285714285714286,1.42857142857143,0
"553021",2020-03-08,3,4.14285714285714,-0.571428571428571,1.14285714285714,0
"553022",2020-03-09,2,4,-1.57142857142857,1,0.285714285714286
"553023",2020-03-10,1.28571428571429,4.85714285714286,-2.28571428571429,0.714285714285714,0.571428571428571
"553024",2020-03-11,0.142857142857143,5.85714285714286,-3.71428571428571,0.428571428571429,0.857142857142857
"553025",2020-03-12,-0.857142857142857,10,-5.71428571428571,-0.285714285714286,1.28571428571429
"553026",2020-03-13,-4,10.4285714285714,-10,-4.14285714285714,3
"553027",2020-03-14,-8.14285714285714,10.2857142857143,-14.2857142857143,-5.85714285714286,4.14285714285714
"553028",2020-03-15,-13.2857142857143,11,-18.7142857142857,-8.14285714285714,5.42857142857143
"553029",2020-03-16,-16.5714285714286,12.7142857142857,-24.2857142857143,-15.1428571428571,7.71428571428571
"553030",2020-03-17,-25.4285714285714,7.71428571428571,-32.7142857142857,-26.7142857142857,11.7142857142857
"553031",2020-03-18,-31.5714285714286,4.85714285714286,-38.8571428571429,-33.1428571428571,14.2857142857143
"553032",2020-03-19,-38,-1.28571428571429,-44.5714285714286,-39.5714285714286,17
"553033",2020-03-20,-42.8571428571429,-4,-48.4285714285714,-42.7142857142857,18.5714285714286
"553034",2020-03-21,-46.7142857142857,-4.71428571428571,-52,-46.5714285714286,19.7142857142857
"553035",2020-03-22,-50,-7.28571428571429,-54.5714285714286,-49.8571428571429,20.2857142857143
"553036",2020-03-23,-53.2857142857143,-12,-56.8571428571429,-50.1428571428571,20.7142857142857
"553037",2020-03-24,-52.1428571428571,-9.85714285714286,-56.8571428571429,-46.2857142857143,19.7142857142857
"553038",2020-03-25,-54.1428571428571,-11.1428571428571,-58.4285714285714,-47.5714285714286,20.2857142857143
"553039",2020-03-26,-55.8571428571429,-12,-60,-48.7142857142857,20.7142857142857
"553040",2020-03-27,-57.2857142857143,-12.5714285714286,-61.2857142857143,-49.8571428571429,21.1428571428571
"553041",2020-03-28,-60.2857142857143,-15.2857142857143,-63.5714285714286,-51.8571428571429,21.7142857142857
"553042",2020-03-29,-63.7142857142857,-19,-67.1428571428571,-53.7142857142857,22.5714285714286
"553043",2020-03-30,-67.1428571428571,-20.5714285714286,-69.2857142857143,-56.1428571428571,23.7142857142857
"553044",2020-03-31,-70.2857142857143,-22.8571428571429,-71,-58.5714285714286,24.8571428571429
"553045",2020-04-01,-72.4285714285714,-24,-72.7142857142857,-60.7142857142857,25.8571428571429
"553046",2020-04-02,-74.4285714285714,-25,-74.2857142857143,-62.7142857142857,27
"553047",2020-04-03,-76,-26.2857142857143,-75.7142857142857,-64.5714285714286,28.1428571428571
"553048",2020-04-04,-75.7142857142857,-26.4285714285714,-75.5714285714286,-65,28.2857142857143
"553049",2020-04-05,-75.4285714285714,-25.8571428571429,-75.7142857142857,-65,28.4285714285714
"553050",2020-04-06,-74.7142857142857,-25.1428571428571,-75.4285714285714,-65.1428571428571,28.4285714285714
"553051",2020-04-07,-73.7142857142857,-23.7142857142857,-75,-65,28.1428571428571
"553052",2020-04-08,-72.8571428571429,-22.4285714285714,-74.5714285714286,-64.8571428571429,27.8571428571429
"553053",2020-04-09,-72,-20.8571428571429,-74.1428571428571,-64.7142857142857,27.5714285714286
"553054",2020-04-10,-71.8571428571429,-20.2857142857143,-74.1428571428571,-65.4285714285714,27.5714285714286
"553055",2020-04-11,-71.5714285714286,-18.7142857142857,-73.5714285714286,-65.1428571428571,27.4285714285714
"553056",2020-04-12,-72.8571428571429,-22.2857142857143,-74,-65.7142857142857,27.5714285714286
"553057",2020-04-13,-74.1428571428571,-24.2857142857143,-74.8571428571429,-68.1428571428571,28.2857142857143
"553058",2020-04-14,-74.4285714285714,-25,-74.8571428571429,-68,28.2857142857143
"553059",2020-04-15,-74.4285714285714,-25.7142857142857,-74.7142857142857,-67.8571428571429,28.2857142857143
"553060",2020-04-16,-76.7142857142857,-26.4285714285714,-73.7142857142857,-67.5714285714286,28.2857142857143
"553061",2020-04-17,-78.4285714285714,-26.5714285714286,-72.5714285714286,-66.4285714285714,28.1428571428571
"553062",2020-04-18,-80,-27.8571428571429,-71.8571428571429,-66,28.2857142857143
"553063",2020-04-19,-79.7142857142857,-24,-69.5714285714286,-64.7142857142857,28
"553064",2020-04-20,-80.5714285714286,-21.7142857142857,-67.4285714285714,-61.7142857142857,27.1428571428571
"553065",2020-04-21,-82.7142857142857,-21.2857142857143,-66.2857142857143,-61.2857142857143,27.1428571428571
"553066",2020-04-22,-84.7142857142857,-20.7142857142857,-65.1428571428571,-60.8571428571429,27
"553067",2020-04-23,-84.4285714285714,-20.4285714285714,-64.8571428571429,-60.5714285714286,26.5714285714286
"553068",2020-04-24,-84.1428571428571,-19.8571428571429,-64.2857142857143,-60.4285714285714,26.2857142857143
"553069",2020-04-25,-83.8571428571429,-19.1428571428571,-63.2857142857143,-60,25.8571428571429
"553070",2020-04-26,-83.7142857142857,-18.7142857142857,-63.4285714285714,-59.7142857142857,25.7142857142857
"553071",2020-04-27,-83.4285714285714,-18.2857142857143,-63.1428571428571,-59.5714285714286,25.5714285714286
"553072",2020-04-28,-83.1428571428571,-18.1428571428571,-63,-59.4285714285714,25
"553073",2020-04-29,-83.1428571428571,-18.4285714285714,-63.5714285714286,-59.4285714285714,25.1428571428571
"553074",2020-04-30,-81.8571428571429,-18.4285714285714,-64,-59.4285714285714,25.1428571428571
"553075",2020-05-01,-80.5714285714286,-18.5714285714286,-64.2857142857143,-59.2857142857143,25.1428571428571
"553076",2020-05-02,-79.4285714285714,-18.4285714285714,-64,-58.8571428571429,25.1428571428571
"553077",2020-05-03,-78,-17.4285714285714,-62.8571428571429,-58.2857142857143,25
"553078",2020-05-04,-77,-18.2857142857143,-63.7142857142857,-61,25.7142857142857
"553079",2020-05-05,-75.1428571428571,-17.5714285714286,-63.4285714285714,-60.7142857142857,26
"553080",2020-05-06,-73.1428571428571,-16.4285714285714,-62.2857142857143,-60.2857142857143,25.7142857142857
"553081",2020-05-07,-72.7142857142857,-16.2857142857143,-61.7142857142857,-59.8571428571429,25.7142857142857
"553082",2020-05-08,-72.1428571428571,-15.5714285714286,-61,-59.4285714285714,25.4285714285714
"553083",2020-05-09,-71.7142857142857,-14.7142857142857,-60.4285714285714,-59,25.1428571428571
"553084",2020-05-10,-71.7142857142857,-15.1428571428571,-61.7142857142857,-58.7142857142857,25.1428571428571
"553085",2020-05-11,-70.7142857142857,-13.5714285714286,-60.5714285714286,-55.5714285714286,24.1428571428571
"553086",2020-05-12,-70.4285714285714,-13.5714285714286,-60.4285714285714,-55.2857142857143,24
"553087",2020-05-13,-70.2857142857143,-13.7142857142857,-60.2857142857143,-55,23.8571428571429
"553088",2020-05-14,-70,-13.1428571428571,-59.1428571428571,-54.7142857142857,23.4285714285714
"553089",2020-05-15,-70,-13.2857142857143,-58.8571428571429,-54.5714285714286,23.2857142857143
"553090",2020-05-16,-70,-13.5714285714286,-58.4285714285714,-54.2857142857143,23.2857142857143
"553091",2020-05-17,-69.7142857142857,-12.5714285714286,-56.4285714285714,-53.5714285714286,23.1428571428571
"553092",2020-05-18,-68.7142857142857,-12.2857142857143,-55,-52.8571428571429,22.8571428571429
"553093",2020-05-19,-67.7142857142857,-11.5714285714286,-52.7142857142857,-52.1428571428571,22.2857142857143
"553094",2020-05-20,-66.4285714285714,-10.2857142857143,-50.5714285714286,-51.4285714285714,21.7142857142857
"553095",2020-05-21,-65.2857142857143,-9.71428571428571,-49.8571428571429,-50.7142857142857,21.5714285714286
"553096",2020-05-22,-64.4285714285714,-9.14285714285714,-49.4285714285714,-49.8571428571429,21.4285714285714
"553097",2020-05-23,-63.2857142857143,-8.28571428571429,-49.1428571428571,-49,21.2857142857143
"553098",2020-05-24,-62,-7.28571428571429,-46.5714285714286,-47.8571428571429,20.7142857142857
"553099",2020-05-25,-61.2857142857143,-6.57142857142857,-45.7142857142857,-47.5714285714286,20.4285714285714
"553100",2020-05-26,-60.7142857142857,-6.14285714285714,-45.4285714285714,-47.1428571428571,20.2857142857143
"553101",2020-05-27,-60.4285714285714,-5.85714285714286,-45,-46.7142857142857,20.1428571428571
"553102",2020-05-28,-59.8571428571429,-4.57142857142857,-43.7142857142857,-46.2857142857143,19.7142857142857
"553103",2020-05-29,-59,-3,-41.7142857142857,-46,19
"553104",2020-05-30,-58.5714285714286,-1.71428571428571,-39.2857142857143,-44.5714285714286,18.2857142857143
"553105",2020-05-31,-58.2857142857143,-0.571428571428571,-38.7142857142857,-43.4285714285714,18
"553106",2020-06-01,-58.7142857142857,-0.428571428571429,-38.5714285714286,-46.8571428571429,18.5714285714286
"553107",2020-06-02,-58.2857142857143,0.714285714285714,-37.8571428571429,-46.7142857142857,18.2857142857143
"553108",2020-06-03,-58.1428571428571,0.571428571428571,-38.5714285714286,-46.5714285714286,18.2857142857143
"553109",2020-06-04,-58.1428571428571,-0.142857142857143,-39.4285714285714,-46.2857142857143,18.4285714285714
"553110",2020-06-05,-57.8571428571429,-1.28571428571429,-41,-45.8571428571429,18.5714285714286
"553111",2020-06-06,-57.4285714285714,-2.57142857142857,-44,-46,19.1428571428571
"553112",2020-06-07,-56.8571428571429,-3.71428571428571,-45.7142857142857,-45.8571428571429,19.2857142857143
"553113",2020-06-08,-54.2857142857143,-3.28571428571429,-45.1428571428571,-41.5714285714286,18.1428571428571
"553114",2020-06-09,-53,-4.28571428571429,-46.2857142857143,-41.1428571428571,18.1428571428571
"553115",2020-06-10,-51.7142857142857,-4.57142857142857,-46.4285714285714,-40.8571428571429,17.8571428571429
"553116",2020-06-11,-50.5714285714286,-4.71428571428571,-46.8571428571429,-40.7142857142857,17.7142857142857
"553117",2020-06-12,-49.7142857142857,-4.14285714285714,-46.1428571428571,-40.5714285714286,17.4285714285714
"553118",2020-06-13,-48.4285714285714,-3,-43.5714285714286,-39.5714285714286,16.7142857142857
"553119",2020-06-14,-47.2857142857143,-2.28571428571429,-41.8571428571429,-39,16.2857142857143
"553120",2020-06-15,-46.8571428571429,-2,-41.1428571428571,-38.7142857142857,16.1428571428571
"553121",2020-06-16,-46.1428571428571,-1.42857142857143,-40,-38.4285714285714,16
"553122",2020-06-17,-45.2857142857143,-0.571428571428571,-38.7142857142857,-38.1428571428571,15.8571428571429
"553123",2020-06-18,-44.2857142857143,-0.285714285714286,-37.8571428571429,-37.8571428571429,15.5714285714286
"553124",2020-06-19,-43.2857142857143,0.142857142857143,-37.1428571428571,-37.5714285714286,15.1428571428571
"553125",2020-06-20,-42.5714285714286,0.857142857142857,-36.5714285714286,-37.4285714285714,15
"553126",2020-06-21,-42,1.42857142857143,-36.2857142857143,-36.7142857142857,15
"553127",2020-06-22,-42.1428571428571,0.857142857142857,-37.5714285714286,-37,15.2857142857143
"553128",2020-06-23,-42,0.571428571428571,-38.2857142857143,-37.1428571428571,15.2857142857143
"553129",2020-06-24,-41.5714285714286,0.428571428571429,-37.8571428571429,-37,15
"553130",2020-06-25,-41.1428571428571,1.14285714285714,-36.2857142857143,-36.8571428571429,14.5714285714286
"553131",2020-06-26,-41,1.28571428571429,-35.7142857142857,-36.7142857142857,14.4285714285714
"553132",2020-06-27,-41.1428571428571,0.571428571428571,-36.4285714285714,-36.8571428571429,14.5714285714286
"553133",2020-06-28,-41.1428571428571,-0.285714285714286,-37.7142857142857,-37.4285714285714,14.7142857142857
"553134",2020-06-29,-39.4285714285714,0.285714285714286,-36.8571428571429,-36.8571428571429,14.1428571428571
"553135",2020-06-30,-37.5714285714286,0.285714285714286,-36.1428571428571,-36.2857142857143,13.7142857142857
"553136",2020-07-01,-36.1428571428571,0,-36.7142857142857,-36,13.5714285714286
"553137",2020-07-02,-34.4285714285714,-0.428571428571429,-36.8571428571429,-35.7142857142857,13.2857142857143
"553138",2020-07-03,-33,-0.714285714285714,-36.8571428571429,-35.5714285714286,13
"553139",2020-07-04,-31.2857142857143,-0.857142857142857,-35.4285714285714,-34.5714285714286,12.2857142857143
"553140",2020-07-05,-29.5714285714286,-0.857142857142857,-34,-34,11.7142857142857
"553141",2020-07-06,-28.7142857142857,-0.571428571428571,-33.4285714285714,-34,11.4285714285714
"553142",2020-07-07,-28.5714285714286,-0.428571428571429,-33.8571428571429,-34.1428571428571,11.2857142857143
"553143",2020-07-08,-28.4285714285714,-0.571428571428571,-33.8571428571429,-34,11.1428571428571
"553144",2020-07-09,-28.1428571428571,-0.428571428571429,-33.7142857142857,-33.7142857142857,11
"553145",2020-07-10,-27.5714285714286,-0.285714285714286,-32.5714285714286,-33.4285714285714,10.5714285714286
"553146",2020-07-11,-27.2857142857143,0.142857142857143,-31,-33,10.2857142857143
"553147",2020-07-12,-26.7142857142857,0.857142857142857,-29.5714285714286,-32.4285714285714,10
"553148",2020-07-13,-26.5714285714286,1,-29.4285714285714,-32.2857142857143,10
"553149",2020-07-14,-26.4285714285714,0.857142857142857,-29,-32.1428571428571,10
"553150",2020-07-15,-25.4285714285714,1.42857142857143,-28.5714285714286,-32,9.71428571428571
"553151",2020-07-16,-25,1.28571428571429,-29,-32,9.71428571428571
"553152",2020-07-17,-24.7142857142857,1.14285714285714,-30,-31.8571428571429,9.85714285714286
"553153",2020-07-18,-24.1428571428571,1,-31.2857142857143,-31.7142857142857,9.85714285714286
"553154",2020-07-19,-23.5714285714286,1.28571428571429,-31.1428571428571,-31.2857142857143,9.57142857142857
"553155",2020-07-20,-23,1.42857142857143,-31.1428571428571,-31.4285714285714,9.28571428571429
"553156",2020-07-21,-22.1428571428571,1.71428571428571,-30.4285714285714,-31.4285714285714,8.85714285714286
"553157",2020-07-22,-22.1428571428571,1.42857142857143,-30.5714285714286,-31.4285714285714,8.85714285714286
"553158",2020-07-23,-22,1.42857142857143,-30.7142857142857,-31.4285714285714,8.85714285714286
"553159",2020-07-24,-22,1.14285714285714,-30.7142857142857,-31.4285714285714,8.85714285714286
"553160",2020-07-25,-21.8571428571429,0.714285714285714,-31,-31.4285714285714,9
"553161",2020-07-26,-21.5714285714286,0,-31.7142857142857,-31.4285714285714,9.28571428571429
"553162",2020-07-27,-21.2857142857143,-0.285714285714286,-32.2857142857143,-31.7142857142857,9.57142857142857
"553163",2020-07-28,-20.8571428571429,-0.285714285714286,-32.4285714285714,-31.7142857142857,9.71428571428571
"553164",2020-07-29,-20.2857142857143,-0.142857142857143,-32.5714285714286,-32.1428571428571,9.85714285714286
"553165",2020-07-30,-19.5714285714286,0,-32.4285714285714,-32.4285714285714,9.71428571428571
"553166",2020-07-31,-18.8571428571429,0.142857142857143,-32,-32.8571428571429,9.42857142857143
"553167",2020-08-01,-18.7142857142857,0,-31.5714285714286,-33.1428571428571,9.14285714285714
"553168",2020-08-02,-18,0,-31,-33.1428571428571,8.85714285714286
"553169",2020-08-03,-17.7142857142857,-1.14285714285714,-31.2857142857143,-37.1428571428571,9.28571428571429
"553170",2020-08-04,-17.2857142857143,-0.714285714285714,-31.5714285714286,-37.5714285714286,9.28571428571429
"553171",2020-08-05,-17.1428571428571,-0.857142857142857,-31.4285714285714,-37.5714285714286,9.14285714285714
"553172",2020-08-06,-17,-1.14285714285714,-31.1428571428571,-37.7142857142857,9.14285714285714
"553173",2020-08-07,-17,-1.42857142857143,-31.1428571428571,-37.5714285714286,9.14285714285714
"553174",2020-08-08,-17.5714285714286,-1.42857142857143,-30.7142857142857,-37.1428571428571,9
"553175",2020-08-09,-18.7142857142857,-1.42857142857143,-31.1428571428571,-37.1428571428571,8.85714285714286
"553176",2020-08-10,-19.2857142857143,-0.714285714285714,-31.1428571428571,-33.1428571428571,8.28571428571429
"553177",2020-08-11,-20,-1.57142857142857,-31,-32.8571428571429,8.14285714285714
"553178",2020-08-12,-20.2857142857143,-1.57142857142857,-30.7142857142857,-32.7142857142857,7.85714285714286
"553179",2020-08-13,-20.7142857142857,-1.71428571428571,-31.4285714285714,-32.5714285714286,7.85714285714286
"553180",2020-08-14,-20.8571428571429,-1.57142857142857,-31.8571428571429,-32.4285714285714,7.85714285714286
"553181",2020-08-15,-20.4285714285714,-1.57142857142857,-32.5714285714286,-32.4285714285714,8
"553182",2020-08-16,-20.1428571428571,-2,-33.8571428571429,-32.5714285714286,8.42857142857143
"553183",2020-08-17,-20.2857142857143,-2.42857142857143,-34.5714285714286,-32.4285714285714,8.57142857142857
"553184",2020-08-18,-20,-2.42857142857143,-35,-32.1428571428571,8.57142857142857
"553185",2020-08-19,-20.7142857142857,-3,-36.4285714285714,-32,9
"553186",2020-08-20,-21.4285714285714,-3.71428571428571,-37.4285714285714,-32,9.14285714285714
"553187",2020-08-21,-21.5714285714286,-4,-37.8571428571429,-31.8571428571429,9.28571428571429
"553188",2020-08-22,-21.4285714285714,-4.28571428571429,-39,-31.7142857142857,9.57142857142857
"553189",2020-08-23,-21.1428571428571,-4.14285714285714,-38.7142857142857,-31.2857142857143,9.57142857142857
"553190",2020-08-24,-20.5714285714286,-3.71428571428571,-38.1428571428571,-31,9.42857142857143
"553191",2020-08-25,-21.5714285714286,-4.42857142857143,-39.5714285714286,-31.1428571428571,9.85714285714286
"553192",2020-08-26,-20.2857142857143,-3.42857142857143,-38.2857142857143,-30.8571428571429,9.57142857142857
"553193",2020-08-27,-19.5714285714286,-2.71428571428571,-37.7142857142857,-30.4285714285714,9.57142857142857
"553194",2020-08-28,-19.1428571428571,-2.28571428571429,-37.5714285714286,-30.1428571428571,9.42857142857143
"553195",2020-08-29,-18.5714285714286,-1.85714285714286,-36.7142857142857,-29.8571428571429,9.28571428571429
"553196",2020-08-30,-18,-1.14285714285714,-36,-29.8571428571429,9.14285714285714
"553197",2020-08-31,-17.5714285714286,-0.428571428571429,-35.4285714285714,-29.5714285714286,9
"553198",2020-09-01,-16.4285714285714,1,-33.7142857142857,-29.1428571428571,8.57142857142857
"553199",2020-09-02,-17.5714285714286,0.285714285714286,-34.4285714285714,-29,8.71428571428571
"553200",2020-09-03,-17.7142857142857,0.428571428571429,-33.8571428571429,-28.7142857142857,8.28571428571429
"553201",2020-09-04,-17.8571428571429,0.285714285714286,-33.4285714285714,-28.4285714285714,8
"553202",2020-09-05,-18,0,-33.7142857142857,-28.7142857142857,8
"553203",2020-09-06,-18.1428571428571,-0.142857142857143,-34.1428571428571,-29,8
"553204",2020-09-07,-19,-0.571428571428571,-34.5714285714286,-28.8571428571429,7.85714285714286
"553205",2020-09-08,-19.8571428571429,-1.28571428571429,-34.8571428571429,-28.7142857142857,7.71428571428571
"553206",2020-09-09,-19.5714285714286,-1.14285714285714,-34.2857142857143,-28.2857142857143,7.28571428571429
"553207",2020-09-10,-19.8571428571429,-1.28571428571429,-34.2857142857143,-28,7
"553208",2020-09-11,-19.8571428571429,-1.14285714285714,-34.2857142857143,-27.8571428571429,6.71428571428571
"553209",2020-09-12,-19.7142857142857,-1,-34,-27.8571428571429,6.28571428571429
"553210",2020-09-13,-19.8571428571429,-0.857142857142857,-33.4285714285714,-28,6
"553211",2020-09-14,-20.1428571428571,-1,-33,-27.1428571428571,5.71428571428571
"553212",2020-09-15,-19.8571428571429,-0.714285714285714,-32.4285714285714,-26.2857142857143,5.42857142857143
"553213",2020-09-16,-20,-0.714285714285714,-32.2857142857143,-25.7142857142857,5.28571428571429
"553214",2020-09-17,-19.8571428571429,-0.714285714285714,-32.1428571428571,-25.1428571428571,5.28571428571429
"553215",2020-09-18,-19.7142857142857,-0.857142857142857,-31.8571428571429,-24.5714285714286,5.28571428571429
"553216",2020-09-19,-20.5714285714286,-0.857142857142857,-33,-24.8571428571429,5.71428571428571
"553217",2020-09-20,-21.2857142857143,-0.857142857142857,-34.2857142857143,-25.1428571428571,6
"553218",2020-09-21,-21.5714285714286,-0.714285714285714,-34.4285714285714,-25.1428571428571,6.14285714285714
"553219",2020-09-22,-22.7142857142857,-1,-35.7142857142857,-25.2857142857143,6.57142857142857
"553220",2020-09-23,-23.1428571428571,-0.571428571428571,-36.4285714285714,-25.1428571428571,6.85714285714286
"553221",2020-09-24,-24.1428571428571,-0.428571428571429,-37.5714285714286,-25.1428571428571,7.42857142857143
"553222",2020-09-25,-24.7142857142857,0.285714285714286,-38.4285714285714,-25,7.85714285714286
"553223",2020-09-26,-24.2857142857143,0.857142857142857,-38,-24.7142857142857,8
"553224",2020-09-27,-24.1428571428571,0.857142857142857,-38.1428571428571,-24.5714285714286,8.28571428571429
"553225",2020-09-28,-24.4285714285714,1,-38.7142857142857,-24.5714285714286,8.57142857142857
"553226",2020-09-29,-24.1428571428571,1.42857142857143,-38.4285714285714,-24.1428571428571,8.42857142857143
"553227",2020-09-30,-24.8571428571429,1.14285714285714,-39,-24.1428571428571,8.57142857142857
"553228",2020-10-01,-24.8571428571429,1.42857142857143,-38.7142857142857,-23.8571428571429,8.28571428571429
"553229",2020-10-02,-25.1428571428571,1.42857142857143,-38.4285714285714,-23.5714285714286,8.14285714285714
"553230",2020-10-03,-25.4285714285714,1.28571428571429,-39,-24,8.14285714285714
"553231",2020-10-04,-27.4285714285714,-0.142857142857143,-41.5714285714286,-25.2857142857143,8.57142857142857
"553232",2020-10-05,-27.2857142857143,0.142857142857143,-41.5714285714286,-25,8.42857142857143
"553233",2020-10-06,-27.1428571428571,0.285714285714286,-41.7142857142857,-25,8.28571428571429
"553234",2020-10-07,-28,0.428571428571429,-41.7142857142857,-25,8.28571428571429
"553235",2020-10-08,-28.8571428571429,0.571428571428571,-42,-25.1428571428571,8.57142857142857
"553236",2020-10-09,-30,0.571428571428571,-42.8571428571429,-25.2857142857143,9.14285714285714
"553237",2020-10-10,-31.2857142857143,0.857142857142857,-43.7142857142857,-25.8571428571429,9.71428571428571
"553238",2020-10-11,-31,2.14285714285714,-42.4285714285714,-26,9.85714285714286
"553239",2020-10-12,-32.4285714285714,1.71428571428571,-43,-26.1428571428571,10.2857142857143
"553240",2020-10-13,-33.8571428571429,1.42857142857143,-43.5714285714286,-26.2857142857143,10.7142857142857
"553241",2020-10-14,-33.7142857142857,1.42857142857143,-43.5714285714286,-26.2857142857143,10.8571428571429
"553242",2020-10-15,-33.7142857142857,1.42857142857143,-43.5714285714286,-26.2857142857143,11
"553243",2020-10-16,-33.7142857142857,1.42857142857143,-43.7142857142857,-26.4285714285714,11.1428571428571
"553244",2020-10-17,-33.7142857142857,1.42857142857143,-44.1428571428571,-26.8571428571429,11.2857142857143
"553245",2020-10-18,-33.5714285714286,1.42857142857143,-44.2857142857143,-27.1428571428571,11.4285714285714
"553246",2020-10-19,-33,1.42857142857143,-44.7142857142857,-27.1428571428571,11.5714285714286
"553247",2020-10-20,-31.1428571428571,2,-44.7142857142857,-27.1428571428571,11.7142857142857
"553248",2020-10-21,-28.4285714285714,3.28571428571429,-44.1428571428571,-27,11.4285714285714
"553249",2020-10-22,-31.1428571428571,2.57142857142857,-45.4285714285714,-27.7142857142857,11.8571428571429
"553250",2020-10-23,-33.4285714285714,2.14285714285714,-46.5714285714286,-28.7142857142857,12.4285714285714
"553251",2020-10-24,-36.5714285714286,1,-49.1428571428571,-30.8571428571429,13.2857142857143
"553252",2020-10-25,-39.2857142857143,0.142857142857143,-51.4285714285714,-32.7142857142857,13.8571428571429
"553253",2020-10-26,-42.8571428571429,-1.71428571428571,-54.2857142857143,-39.4285714285714,16
"553254",2020-10-27,-46.7142857142857,-2.42857142857143,-56,-42,16.8571428571429
"553255",2020-10-28,-51.7142857142857,-4.42857142857143,-58.5714285714286,-44.5714285714286,18.1428571428571
"553256",2020-10-29,-51.7142857142857,-5,-59.5714285714286,-46.4285714285714,18.8571428571429
"553257",2020-10-30,-51.4285714285714,-5,-59.8571428571429,-47.8571428571429,19
"553258",2020-10-31,-51.2857142857143,-4.85714285714286,-59.4285714285714,-47.4285714285714,18.7142857142857
"553259",2020-11-01,-52.4285714285714,-6.71428571428571,-60.4285714285714,-47.5714285714286,18.7142857142857
"553260",2020-11-02,-52,-6,-58.5714285714286,-41.2857142857143,16.7142857142857
"553261",2020-11-03,-51.8571428571429,-6,-58,-39.1428571428571,16.1428571428571
"553262",2020-11-04,-51.4285714285714,-5.57142857142857,-57.2857142857143,-37.2857142857143,15.5714285714286
"553263",2020-11-05,-50.8571428571429,-4.85714285714286,-56.4285714285714,-35.1428571428571,14.8571428571429
"553264",2020-11-06,-50.7142857142857,-4.71428571428571,-56,-33.1428571428571,14.4285714285714
"553265",2020-11-07,-49.8571428571429,-4.42857142857143,-55.8571428571429,-32.8571428571429,14.4285714285714
"553266",2020-11-08,-48.5714285714286,-2.71428571428571,-54.8571428571429,-32.2857142857143,14.2857142857143
"553267",2020-11-09,-47.8571428571429,-2.14285714285714,-54.7142857142857,-32.1428571428571,14.4285714285714
"553268",2020-11-10,-47.7142857142857,-2.28571428571429,-54.7142857142857,-32,14.4285714285714
"553269",2020-11-11,-48.2857142857143,-3,-55.4285714285714,-32,14.7142857142857
"553270",2020-11-12,-48,-2.85714285714286,-55.2857142857143,-32,14.7142857142857
"553271",2020-11-13,-47.7142857142857,-2.71428571428571,-55.4285714285714,-31.8571428571429,14.7142857142857
"553272",2020-11-14,-47.8571428571429,-3,-55.7142857142857,-32,14.7142857142857
"553273",2020-11-15,-47.8571428571429,-3.28571428571429,-56.1428571428571,-32,14.7142857142857
"553274",2020-11-16,-48,-3.57142857142857,-56.4285714285714,-31.8571428571429,14.7142857142857
"553275",2020-11-17,-47.8571428571429,-3.42857142857143,-56.4285714285714,-31.8571428571429,14.7142857142857
"553276",2020-11-18,-47.1428571428571,-2.71428571428571,-55.8571428571429,-31.5714285714286,14.5714285714286
"553277",2020-11-19,-46.8571428571429,-2.71428571428571,-55.8571428571429,-31.4285714285714,14.5714285714286
"553278",2020-11-20,-46.8571428571429,-2.71428571428571,-55.8571428571429,-31.4285714285714,14.5714285714286
"553279",2020-11-21,-46.2857142857143,-2.28571428571429,-55.2857142857143,-31,14.4285714285714
"553280",2020-11-22,-45.4285714285714,-1.42857142857143,-54.4285714285714,-30.7142857142857,14.2857142857143
"553281",2020-11-23,-44.8571428571429,-1.14285714285714,-54.1428571428571,-30.7142857142857,14.1428571428571
"553282",2020-11-24,-44.8571428571429,-1.57142857142857,-54.4285714285714,-30.5714285714286,14.2857142857143
"553283",2020-11-25,-44.1428571428571,-1.14285714285714,-54,-30.4285714285714,14
"553284",2020-11-26,-43.7142857142857,-1,-53.8571428571429,-30.2857142857143,13.8571428571429
"553285",2020-11-27,-42.8571428571429,-0.428571428571429,-53.5714285714286,-30.1428571428571,13.7142857142857
"553286",2020-11-28,-42.8571428571429,-0.571428571428571,-53.4285714285714,-29.7142857142857,13.7142857142857
"553287",2020-11-29,-42.8571428571429,-0.714285714285714,-53.4285714285714,-29.4285714285714,13.7142857142857
"553288",2020-11-30,-42.4285714285714,-0.285714285714286,-53.2857142857143,-29.1428571428571,13.7142857142857
"553289",2020-12-01,-38.5714285714286,1.85714285714286,-51.4285714285714,-28.4285714285714,13
"553290",2020-12-02,-35.7142857142857,3.14285714285714,-50.1428571428571,-27.7142857142857,12.7142857142857
"553291",2020-12-03,-33.1428571428571,4.28571428571429,-48.8571428571429,-27,12.2857142857143
"553292",2020-12-04,-30.7142857142857,4.14285714285714,-47.5714285714286,-26.2857142857143,11.8571428571429
"553293",2020-12-05,-27,5.14285714285714,-44.7142857142857,-24.1428571428571,11
"553294",2020-12-06,-23,6.28571428571429,-42,-22,10.2857142857143
"553295",2020-12-07,-19.1428571428571,7.71428571428571,-40.2857142857143,-22,9.85714285714286
"553296",2020-12-08,-18.5714285714286,7.42857142857143,-40.1428571428571,-21.8571428571429,9.85714285714286
"553297",2020-12-09,-18.2857142857143,6.57142857142857,-40.2857142857143,-21.8571428571429,9.71428571428571
"553298",2020-12-10,-17.2857142857143,6.42857142857143,-39.8571428571429,-21.8571428571429,9.57142857142857
"553299",2020-12-11,-16.5714285714286,7,-39.1428571428571,-21.8571428571429,9.28571428571429
"553300",2020-12-12,-16.1428571428571,7.42857142857143,-38.1428571428571,-21.5714285714286,9
"553301",2020-12-13,-16.5714285714286,7,-38.1428571428571,-21.5714285714286,9
"553302",2020-12-14,-16.2857142857143,7.28571428571429,-37.8571428571429,-21.1428571428571,8.71428571428571
"553303",2020-12-15,-15.8571428571429,7.85714285714286,-37.2857142857143,-21.2857142857143,8.57142857142857
"553304",2020-12-16,-14.8571428571429,9,-36.5714285714286,-21.2857142857143,8.42857142857143
"553305",2020-12-17,-14.1428571428571,9.85714285714286,-35.8571428571429,-21.2857142857143,8.28571428571429
"553306",2020-12-18,-13.5714285714286,10.2857142857143,-35.1428571428571,-21.2857142857143,8.14285714285714
"553307",2020-12-19,-13.7142857142857,10.4285714285714,-34.7142857142857,-21.5714285714286,8
"553308",2020-12-20,-11.8571428571429,12.1428571428571,-32.7142857142857,-20.4285714285714,7.57142857142857
"553309",2020-12-21,-9,14.7142857142857,-32,-21.1428571428571,7.42857142857143
"553310",2020-12-22,-4.71428571428571,18.7142857142857,-31.1428571428571,-22.2857142857143,7.14285714285714
"553311",2020-12-23,-0.571428571428571,24.8571428571429,-31,-25.4285714285714,7.28571428571429
"553312",2020-12-24,-1.71428571428571,27.2857142857143,-33.1428571428571,-31.2857142857143,8.42857142857143
"553313",2020-12-25,-13.2857142857143,12.2857142857143,-40.7142857142857,-39.7142857142857,11.2857142857143
"553314",2020-12-26,-22,1.85714285714286,-47.2857142857143,-47.1428571428571,12.8571428571429
"553315",2020-12-27,-28.2857142857143,-2.71428571428571,-52.1428571428571,-51.2857142857143,13.8571428571429
"553316",2020-12-28,-35.4285714285714,-8.42857142857143,-56.5714285714286,-57.5714285714286,16.2857142857143
"553317",2020-12-29,-42.7142857142857,-14.2857142857143,-60.5714285714286,-62.5714285714286,18.4285714285714
"553318",2020-12-30,-49,-20.7142857142857,-63.2857142857143,-65.2857142857143,20
"553319",2020-12-31,-51.8571428571429,-23.5714285714286,-65.2857142857143,-65.5714285714286,21.1428571428571
"553320",2021-01-01,-50.1428571428571,-19.2857142857143,-64.2857142857143,-65.4285714285714,22
"553321",2021-01-02,-48.1428571428571,-12.7142857142857,-63.7142857142857,-63.2857142857143,22.4285714285714
"553322",2021-01-03,-49.5714285714286,-12.7142857142857,-64.8571428571429,-63.8571428571429,23
"553323",2021-01-04,-51.7142857142857,-12.7142857142857,-64.7142857142857,-60.4285714285714,22.5714285714286
"553324",2021-01-05,-55,-14.1428571428571,-65.5714285714286,-58,22.4285714285714
"553325",2021-01-06,-59.1428571428571,-17.4285714285714,-67,-55.7142857142857,22.5714285714286
"553326",2021-01-07,-62.2857142857143,-21.4285714285714,-67.4285714285714,-53.2857142857143,22.4285714285714
"553327",2021-01-08,-59.2857142857143,-14.5714285714286,-65.7142857142857,-48.5714285714286,21
"553328",2021-01-09,-58.7142857142857,-14,-65.5714285714286,-47.5714285714286,21
"553329",2021-01-10,-58.8571428571429,-13.8571428571429,-66,-47.4285714285714,21.1428571428571
"553330",2021-01-11,-59.5714285714286,-14.8571428571429,-66.7142857142857,-47.2857142857143,21.1428571428571
"553331",2021-01-12,-60.4285714285714,-15.8571428571429,-67.2857142857143,-47.2857142857143,21.4285714285714
"553332",2021-01-13,-61,-16.4285714285714,-67.7142857142857,-47.4285714285714,21.4285714285714
"553333",2021-01-14,-60.8571428571429,-16.2857142857143,-67.8571428571429,-47.5714285714286,21.1428571428571
"553334",2021-01-15,-60.8571428571429,-16.7142857142857,-68.1428571428571,-47.8571428571429,21.1428571428571
"553335",2021-01-16,-60.7142857142857,-16.7142857142857,-68.4285714285714,-47.7142857142857,20.8571428571429
"553336",2021-01-17,-60.7142857142857,-17,-68.7142857142857,-47.8571428571429,20.7142857142857
"553337",2021-01-18,-60.7142857142857,-17.2857142857143,-68.5714285714286,-48,20.7142857142857
"553338",2021-01-19,-60.8571428571429,-17.8571428571429,-68.8571428571429,-48.1428571428571,20.5714285714286
"553339",2021-01-20,-61,-18.1428571428571,-69,-48.1428571428571,20.5714285714286
"553340",2021-01-21,-60.8571428571429,-17.8571428571429,-68.8571428571429,-48,20.5714285714286
"553341",2021-01-22,-60.5714285714286,-17.1428571428571,-68.7142857142857,-47.7142857142857,20.4285714285714
"553342",2021-01-23,-60.2857142857143,-16.5714285714286,-68.5714285714286,-47.5714285714286,20.4285714285714
"553343",2021-01-24,-60.4285714285714,-16.7142857142857,-68.7142857142857,-47.5714285714286,20.5714285714286
"553344",2021-01-25,-60.1428571428571,-16.2857142857143,-68.7142857142857,-47.4285714285714,20.4285714285714
"553345",2021-01-26,-59.7142857142857,-15.5714285714286,-68.4285714285714,-47.1428571428571,20.2857142857143
"553346",2021-01-27,-59.4285714285714,-15.1428571428571,-68.2857142857143,-47,20.2857142857143
"553347",2021-01-28,-59.2857142857143,-15,-68.4285714285714,-46.8571428571429,20.2857142857143
"553348",2021-01-29,-58.8571428571429,-14.5714285714286,-68.2857142857143,-46.7142857142857,20.1428571428571
"553349",2021-01-30,-59.1428571428571,-15,-69,-46.7142857142857,20.2857142857143
"553350",2021-01-31,-59,-14.8571428571429,-69.2857142857143,-46.5714285714286,20.2857142857143
"553351",2021-02-01,-58.5714285714286,-14.5714285714286,-69,-46.4285714285714,20.1428571428571
"553352",2021-02-02,-58.1428571428571,-14,-68.7142857142857,-46.2857142857143,20
"553353",2021-02-03,-57.5714285714286,-13.2857142857143,-68.2857142857143,-46.1428571428571,19.7142857142857
"553354",2021-02-04,-57.1428571428571,-12.8571428571429,-68,-46,19.5714285714286
"553355",2021-02-05,-56.8571428571429,-12.2857142857143,-67.8571428571429,-45.8571428571429,19.5714285714286
"553356",2021-02-06,-56.2857142857143,-11.2857142857143,-67.1428571428571,-45.4285714285714,19.2857142857143
"553357",2021-02-07,-56,-10.5714285714286,-66.8571428571429,-45.1428571428571,19.1428571428571
"553358",2021-02-08,-56,-10.2857142857143,-67.1428571428571,-45.1428571428571,19.1428571428571
"553359",2021-02-09,-56.1428571428571,-10,-67.4285714285714,-45,19.2857142857143
"553360",2021-02-10,-56,-9.57142857142857,-67.4285714285714,-44.8571428571429,19.2857142857143
"553361",2021-02-11,-56.4285714285714,-9.71428571428571,-67.8571428571429,-44.8571428571429,19.5714285714286
"553362",2021-02-12,-56.4285714285714,-9.42857142857143,-68.1428571428571,-44.8571428571429,19.5714285714286
"553363",2021-02-13,-56.2857142857143,-8.42857142857143,-68.7142857142857,-45.1428571428571,19.7142857142857
"553364",2021-02-14,-55.7142857142857,-8.14285714285714,-68.5714285714286,-45,19.5714285714286
"553365",2021-02-15,-55,-7.42857142857143,-67.8571428571429,-44.8571428571429,19.2857142857143
"553366",2021-02-16,-54.1428571428571,-6.42857142857143,-67.1428571428571,-44.7142857142857,18.8571428571429
"553367",2021-02-17,-53.7142857142857,-6.28571428571429,-66.8571428571429,-44.5714285714286,18.7142857142857
"553368",2021-02-18,-52.7142857142857,-5.14285714285714,-66.1428571428571,-44.4285714285714,18.2857142857143
"553369",2021-02-19,-52.7142857142857,-5.28571428571429,-66.1428571428571,-44.4285714285714,18.1428571428571
"553370",2021-02-20,-52.7142857142857,-6.14285714285714,-65.7142857142857,-44,18
"553371",2021-02-21,-51.7142857142857,-5,-64.1428571428571,-43.4285714285714,17.5714285714286
"553372",2021-02-22,-51.4285714285714,-4.57142857142857,-64,-43.1428571428571,17.5714285714286
"553373",2021-02-23,-52.4285714285714,-6,-64.8571428571429,-43.1428571428571,18
"553374",2021-02-24,-52.4285714285714,-5.57142857142857,-64.8571428571429,-43,18
"553375",2021-02-25,-52,-5.14285714285714,-64.4285714285714,-42.5714285714286,17.7142857142857
"553376",2021-02-26,-51,-4,-63.4285714285714,-42.1428571428571,17.2857142857143
"553377",2021-02-27,-50.1428571428571,-3,-62.2857142857143,-41.5714285714286,16.8571428571429
"553378",2021-02-28,-49.5714285714286,-2,-61.7142857142857,-41.1428571428571,16.7142857142857
"553379",2021-03-01,-49.1428571428571,-1.28571428571429,-61.5714285714286,-40.5714285714286,16.4285714285714
"553380",2021-03-02,-47.4285714285714,0.714285714285714,-60.4285714285714,-39.7142857142857,15.7142857142857
"553381",2021-03-03,-47,1.28571428571429,-60.1428571428571,-39.1428571428571,15.4285714285714
"553382",2021-03-04,-47,1.42857142857143,-60.2857142857143,-38.7142857142857,15.4285714285714
"553383",2021-03-05,-47,1.42857142857143,-60.2857142857143,-38.1428571428571,15.4285714285714
"553384",2021-03-06,-46.5714285714286,1.85714285714286,-60.2857142857143,-38,15.4285714285714
"553385",2021-03-07,-46.7142857142857,1.57142857142857,-60.7142857142857,-38,15.4285714285714
"553386",2021-03-08,-46.5714285714286,1.85714285714286,-60.7142857142857,-37.8571428571429,15.4285714285714
"553387",2021-03-09,-47,1.42857142857143,-61,-37.8571428571429,15.5714285714286
"553388",2021-03-10,-47.2857142857143,1.14285714285714,-61.4285714285714,-37.8571428571429,15.7142857142857
"553389",2021-03-11,-47.2857142857143,1.42857142857143,-61.5714285714286,-37.7142857142857,15.7142857142857
"553390",2021-03-12,-47.1428571428571,2,-61.7142857142857,-37.5714285714286,15.7142857142857
"553391",2021-03-13,-46.8571428571429,3.71428571428571,-61.7142857142857,-37.2857142857143,15.7142857142857
"553392",2021-03-14,-47.4285714285714,3.42857142857143,-62.5714285714286,-36.4285714285714,15.8571428571429
"553393",2021-03-15,-47.1428571428571,3.42857142857143,-62.1428571428571,-36.2857142857143,15.7142857142857
"553394",2021-03-16,-45.2857142857143,6.14285714285714,-60.8571428571429,-36,15.1428571428571
"553395",2021-03-17,-45.2857142857143,5.57142857142857,-60.8571428571429,-40.4285714285714,16
"553396",2021-03-18,-45,5.71428571428571,-60.4285714285714,-40.5714285714286,15.7142857142857
"553397",2021-03-19,-44.7142857142857,5.71428571428571,-59.8571428571429,-40.7142857142857,15.4285714285714
"553398",2021-03-20,-45.1428571428571,3.85714285714286,-59.8571428571429,-40.7142857142857,15.4285714285714
"553399",2021-03-21,-44.4285714285714,4.57142857142857,-58.8571428571429,-41.1428571428571,15.2857142857143
"553400",2021-03-22,-44.5714285714286,4.71428571428571,-59,-41,15.2857142857143
"553401",2021-03-23,-45.7142857142857,2.71428571428571,-59.7142857142857,-41,15.5714285714286
"553402",2021-03-24,-44.8571428571429,4.28571428571429,-58.8571428571429,-36.1428571428571,14.2857142857143
"553403",2021-03-25,-44.5714285714286,4.85714285714286,-58.7142857142857,-35.7142857142857,14.2857142857143
"553404",2021-03-26,-44.7142857142857,4.71428571428571,-59.1428571428571,-35.2857142857143,14.4285714285714
"553405",2021-03-27,-44.7142857142857,5,-59.4285714285714,-35.1428571428571,14.4285714285714
"553406",2021-03-28,-45.5714285714286,3.71428571428571,-60.5714285714286,-35.5714285714286,14.8571428571429
"553407",2021-03-29,-45,3.85714285714286,-60.4285714285714,-36.2857142857143,15
"553408",2021-03-30,-44.1428571428571,4.57142857142857,-59.8571428571429,-36.8571428571429,14.8571428571429
"553409",2021-03-31,-43.2857142857143,5.28571428571429,-59.5714285714286,-37.5714285714286,14.8571428571429
"553410",2021-04-01,-42.1428571428571,7,-59.2857142857143,-38.2857142857143,14.7142857142857
"553411",2021-04-02,-41.4285714285714,8.14285714285714,-59,-40.7142857142857,14.8571428571429
"553412",2021-04-03,-40.8571428571429,9.85714285714286,-58,-41.1428571428571,14.4285714285714
"553413",2021-04-04,-42.4285714285714,7.28571428571429,-57.2857142857143,-41.1428571428571,14
"553414",2021-04-05,-43.7142857142857,5.42857142857143,-59.1428571428571,-45.8571428571429,15.2857142857143
"553415",2021-04-06,-44,5.28571428571429,-60,-46.4285714285714,15.5714285714286
"553416",2021-04-07,-44.5714285714286,4.42857142857143,-60.4285714285714,-46.7142857142857,15.7142857142857
"553417",2021-04-08,-45.5714285714286,2.42857142857143,-61,-46.8571428571429,16
"553418",2021-04-09,-46.1428571428571,1,-61.2857142857143,-45.2857142857143,15.8571428571429
"553419",2021-04-10,-46.4285714285714,-0.714285714285714,-61.8571428571429,-44.7142857142857,16.1428571428571
"553420",2021-04-11,-43.8571428571429,3.28571428571429,-61.7142857142857,-44.2857142857143,16.1428571428571
"553421",2021-04-12,-42.5714285714286,5.28571428571429,-59.5714285714286,-38.4285714285714,14.2857142857143
"553422",2021-04-13,-42.4285714285714,5.42857142857143,-58.2857142857143,-36.8571428571429,13.7142857142857
"553423",2021-04-14,-41.8571428571429,6.28571428571429,-57,-35.4285714285714,13
"553424",2021-04-15,-41.2857142857143,7,-55.8571428571429,-34,12.2857142857143
"553425",2021-04-16,-40.5714285714286,8,-54.8571428571429,-32.5714285714286,11.5714285714286
"553426",2021-04-17,-39.7142857142857,8.71428571428571,-53.4285714285714,-32.5714285714286,11.1428571428571
"553427",2021-04-18,-39.4285714285714,8.85714285714286,-53.2857142857143,-32.8571428571429,11.1428571428571
"553428",2021-04-19,-39.4285714285714,9,-53.1428571428571,-32.5714285714286,11.1428571428571
"553429",2021-04-20,-39.4285714285714,9,-53.2857142857143,-32.1428571428571,11.1428571428571
"553430",2021-04-21,-39.2857142857143,9,-53.2857142857143,-31.8571428571429,11.1428571428571
"553431",2021-04-22,-39,9.14285714285714,-53,-31.5714285714286,11
"553432",2021-04-23,-38.5714285714286,9.71428571428571,-52.7142857142857,-31.2857142857143,10.8571428571429
"553433",2021-04-24,-38.4285714285714,10.4285714285714,-52.1428571428571,-31,10.5714285714286
"553434",2021-04-25,-37.5714285714286,11.7142857142857,-50.5714285714286,-30.7142857142857,10
"553435",2021-04-26,-36.8571428571429,12.5714285714286,-49.8571428571429,-30.4285714285714,9.71428571428571
"553436",2021-04-27,-36.8571428571429,12.7142857142857,-50,-30.2857142857143,9.71428571428571
"553437",2021-04-28,-37,12.8571428571429,-50.2857142857143,-30.1428571428571,9.71428571428571
"553438",2021-04-29,-37.1428571428571,13.2857142857143,-50.5714285714286,-30.1428571428571,9.85714285714286
"553439",2021-04-30,-37.1428571428571,13.5714285714286,-50.5714285714286,-30.4285714285714,10
"553440",2021-05-01,-37.1428571428571,13.5714285714286,-51.2857142857143,-30.8571428571429,10.1428571428571
"553441",2021-05-02,-37.1428571428571,12.8571428571429,-51.5714285714286,-31,10.1428571428571
"553442",2021-05-03,-38.8571428571429,10.4285714285714,-54.7142857142857,-37.4285714285714,12.2857142857143
"553443",2021-05-04,-38.4285714285714,11.1428571428571,-54.7142857142857,-38,12.2857142857143
"553444",2021-05-05,-38.4285714285714,11.1428571428571,-54.8571428571429,-38,12.2857142857143
"553445",2021-05-06,-38.1428571428571,10.8571428571429,-54.7142857142857,-37.8571428571429,12.1428571428571
"553446",2021-05-07,-38.1428571428571,10.4285714285714,-54.7142857142857,-37.4285714285714,12
"553447",2021-05-08,-38.2857142857143,10,-54.8571428571429,-36.8571428571429,12.1428571428571
"553448",2021-05-09,-38.8571428571429,9.71428571428571,-55.8571428571429,-36.8571428571429,12.5714285714286
"553449",2021-05-10,-36.4285714285714,12,-52.8571428571429,-30.1428571428571,10.4285714285714
"553450",2021-05-11,-35.1428571428571,12.1428571428571,-51.8571428571429,-29.1428571428571,10
"553451",2021-05-12,-33.8571428571429,12.8571428571429,-51,-28.8571428571429,9.85714285714286
"553452",2021-05-13,-32.7142857142857,13.4285714285714,-50.2857142857143,-28.5714285714286,9.57142857142857
"553453",2021-05-14,-31.8571428571429,14,-49.7142857142857,-28.4285714285714,9.28571428571429
"553454",2021-05-15,-31.1428571428571,14.2857142857143,-49.1428571428571,-28.5714285714286,9
"553455",2021-05-16,-30,15.1428571428571,-47.2857142857143,-28,8.42857142857143
"553456",2021-05-17,-28.1428571428571,16.1428571428571,-46.1428571428571,-27.8571428571429,8.28571428571429
"553457",2021-05-18,-26.8571428571429,16.5714285714286,-45.5714285714286,-27.7142857142857,8.28571428571429
"553458",2021-05-19,-25.2857142857143,17.2857142857143,-44.5714285714286,-27.4285714285714,8
"553459",2021-05-20,-25.4285714285714,17.1428571428571,-45.2857142857143,-27.4285714285714,8.42857142857143
"553460",2021-05-21,-25,17.4285714285714,-45.1428571428571,-27.2857142857143,8.57142857142857
"553461",2021-05-22,-23.4285714285714,18.5714285714286,-43.1428571428571,-26.2857142857143,8.28571428571429
"553462",2021-05-23,-22.8571428571429,18.5714285714286,-43.4285714285714,-26.2857142857143,8.57142857142857
"553463",2021-05-24,-23.4285714285714,18.7142857142857,-43.5714285714286,-26.2857142857143,8.57142857142857
"553464",2021-05-25,-24,18.8571428571429,-43.7142857142857,-26.2857142857143,8.57142857142857
"553465",2021-05-26,-24.2857142857143,19,-43.5714285714286,-26.2857142857143,8.57142857142857
"553466",2021-05-27,-23.4285714285714,19.5714285714286,-42.7142857142857,-26.1428571428571,8.28571428571429
"553467",2021-05-28,-22.8571428571429,20,-42.2857142857143,-26.1428571428571,8.14285714285714
"553468",2021-05-29,-23.1428571428571,20,-42.1428571428571,-26,7.85714285714286
"553469",2021-05-30,-22.4285714285714,21.4285714285714,-39.5714285714286,-25.7142857142857,7
"553470",2021-05-31,-21.5714285714286,22.4285714285714,-39.1428571428571,-26.1428571428571,6.85714285714286
"553471",2021-06-01,-20.4285714285714,23.4285714285714,-38.4285714285714,-26.5714285714286,6.71428571428571
"553472",2021-06-02,-20.2857142857143,23.5714285714286,-38.8571428571429,-27,6.85714285714286
"553473",2021-06-03,-19.2857142857143,24.4285714285714,-38,-27.4285714285714,6.57142857142857
"553474",2021-06-04,-18.5714285714286,24.8571428571429,-37.4285714285714,-28.1428571428571,6.28571428571429
"553475",2021-06-05,-18.2857142857143,24.8571428571429,-37.4285714285714,-28.4285714285714,6.14285714285714
"553476",2021-06-06,-17.8571428571429,24.2857142857143,-37.7142857142857,-28.4285714285714,6
"553477",2021-06-07,-16.5714285714286,22.4285714285714,-38.2857142857143,-34.5714285714286,6.42857142857143
"553478",2021-06-08,-16.1428571428571,22.1428571428571,-38.7142857142857,-35.2857142857143,6.28571428571429
"553479",2021-06-09,-15.4285714285714,21.8571428571429,-38.2857142857143,-35.4285714285714,6
"553480",2021-06-10,-15,21.2857142857143,-38.2857142857143,-35.4285714285714,5.85714285714286
"553481",2021-06-11,-14.5714285714286,20.5714285714286,-38.2857142857143,-35,5.57142857142857
"553482",2021-06-12,-13.8571428571429,20,-37.8571428571429,-34.1428571428571,5.42857142857143
"553483",2021-06-13,-13.4285714285714,19.5714285714286,-37.7142857142857,-33.2857142857143,5.28571428571429
"553484",2021-06-14,-14.1428571428571,21,-37.1428571428571,-27.1428571428571,4.71428571428571
"553485",2021-06-15,-14.2857142857143,20.7142857142857,-36.8571428571429,-26.2857142857143,4.71428571428571
"553486",2021-06-16,-14,20.8571428571429,-36.8571428571429,-26,4.57142857142857
"553487",2021-06-17,-13.7142857142857,21,-37,-25.8571428571429,4.42857142857143
"553488",2021-06-18,-13.5714285714286,20.8571428571429,-37,-25.8571428571429,4.42857142857143
"553489",2021-06-19,-13.1428571428571,21.1428571428571,-37,-25.7142857142857,4.42857142857143
"553490",2021-06-20,-12.4285714285714,21.2857142857143,-37.7142857142857,-25.2857142857143,4.57142857142857
"553491",2021-06-21,-12.4285714285714,21,-37.8571428571429,-25.2857142857143,4.57142857142857
"553492",2021-06-22,-12.4285714285714,20.7142857142857,-38,-25.4285714285714,4.57142857142857
"553493",2021-06-23,-12.8571428571429,20.2857142857143,-38.4285714285714,-25.5714285714286,4.71428571428571
"553494",2021-06-24,-13.1428571428571,19.8571428571429,-38.7142857142857,-25.7142857142857,4.85714285714286
"553495",2021-06-25,-13.2857142857143,19.7142857142857,-39.1428571428571,-25.7142857142857,5
"553496",2021-06-26,-13.5714285714286,19,-39.5714285714286,-25.5714285714286,5
"553497",2021-06-27,-13.5714285714286,18.7142857142857,-39.1428571428571,-25.4285714285714,4.85714285714286
"553498",2021-06-28,-13.1428571428571,18.7142857142857,-39,-25.8571428571429,4.71428571428571
"553499",2021-06-29,-13,18.5714285714286,-38.8571428571429,-26.2857142857143,4.42857142857143
"553500",2021-06-30,-12,18.8571428571429,-38.1428571428571,-26.5714285714286,4
"553501",2021-07-01,-11.4285714285714,19,-37.7142857142857,-27,3.85714285714286
"553502",2021-07-02,-11.4285714285714,19,-37.5714285714286,-27.5714285714286,3.85714285714286
"553503",2021-07-03,-11.5714285714286,19.1428571428571,-37.8571428571429,-27.4285714285714,4.14285714285714
"553504",2021-07-04,-12,18.5714285714286,-38.8571428571429,-27.5714285714286,4.57142857142857
"553505",2021-07-05,-11.7142857142857,18.7142857142857,-38.8571428571429,-27.7142857142857,4.71428571428571
"553506",2021-07-06,-11.7142857142857,18.7142857142857,-39.4285714285714,-27.8571428571429,5.28571428571429
"553507",2021-07-07,-11.5714285714286,18.7142857142857,-39.5714285714286,-28,5.71428571428571
"553508",2021-07-08,-11.2857142857143,18.7142857142857,-39.5714285714286,-28,5.85714285714286
"553509",2021-07-09,-11,18.5714285714286,-39.5714285714286,-28,5.85714285714286
"553510",2021-07-10,-10.4285714285714,18.7142857142857,-38.7142857142857,-27.8571428571429,5.57142857142857
"553511",2021-07-11,-10.5714285714286,19,-38.8571428571429,-27.5714285714286,5.57142857142857
"553512",2021-07-12,-10.4285714285714,19,-38.8571428571429,-27.8571428571429,5.57142857142857
"553513",2021-07-13,-9.42857142857143,19.4285714285714,-38.1428571428571,-28,5.28571428571429
"553514",2021-07-14,-9,19.7142857142857,-37.7142857142857,-28.1428571428571,5.14285714285714
"553515",2021-07-15,-8.71428571428571,20,-37.2857142857143,-28.2857142857143,5
"553516",2021-07-16,-8.42857142857143,20.5714285714286,-36.5714285714286,-28.4285714285714,4.71428571428571
"553517",2021-07-17,-9.14285714285714,21.1428571428571,-35.8571428571429,-28.7142857142857,4.42857142857143
"553518",2021-07-18,-8.71428571428571,22.1428571428571,-33.8571428571429,-28.5714285714286,3.85714285714286
"553519",2021-07-19,-8.42857142857143,23.2857142857143,-33,-28.7142857142857,3.57142857142857
"553520",2021-07-20,-8.28571428571429,24.2857142857143,-32.2857142857143,-29,3.42857142857143
"553521",2021-07-21,-8.42857142857143,24.8571428571429,-31.8571428571429,-29.2857142857143,3.28571428571429
"553522",2021-07-22,-8.42857142857143,25.1428571428571,-31.5714285714286,-29.4285714285714,3.28571428571429
"553523",2021-07-23,-8.42857142857143,25,-31.4285714285714,-29.5714285714286,3.42857142857143
"553524",2021-07-24,-7.71428571428571,24.7142857142857,-31.4285714285714,-29.2857142857143,3.57142857142857
"553525",2021-07-25,-7.14285714285714,24.2857142857143,-31,-29,3.57142857142857
"553526",2021-07-26,-7,23.4285714285714,-31.2857142857143,-29.1428571428571,3.85714285714286
"553527",2021-07-27,-6.85714285714286,22.2857142857143,-31.8571428571429,-29.2857142857143,4.14285714285714
"553528",2021-07-28,-6.57142857142857,21.5714285714286,-32.5714285714286,-29.4285714285714,4.42857142857143
"553529",2021-07-29,-6,21.1428571428571,-32.7142857142857,-29.7142857142857,4.57142857142857
"553530",2021-07-30,-5.57142857142857,20.8571428571429,-33,-30,4.85714285714286
"553531",2021-07-31,-5.14285714285714,20.4285714285714,-33.1428571428571,-30.1428571428571,4.85714285714286
"553532",2021-08-01,-3.71428571428571,19.7142857142857,-32.8571428571429,-29.8571428571429,5
"553533",2021-08-02,-3.28571428571429,17.8571428571429,-33.7142857142857,-34.5714285714286,5.85714285714286
"553534",2021-08-03,-2.57142857142857,18.5714285714286,-33.2857142857143,-34.8571428571429,5.71428571428571
"553535",2021-08-04,-2.28571428571429,18.5714285714286,-32.7142857142857,-35,5.71428571428571
"553536",2021-08-05,-2.85714285714286,18,-33.2857142857143,-35.1428571428571,6
"553537",2021-08-06,-2.85714285714286,17.5714285714286,-33.1428571428571,-35.1428571428571,6
"553538",2021-08-07,-3.28571428571429,17,-33.8571428571429,-34.8571428571429,6.42857142857143
"553539",2021-08-08,-4,16.8571428571429,-34.4285714285714,-34.5714285714286,6.71428571428571
"553540",2021-08-09,-4,18.2857142857143,-33.4285714285714,-29.7142857142857,6
"553541",2021-08-10,-4.28571428571429,17.4285714285714,-33.2857142857143,-29.1428571428571,6
"553542",2021-08-11,-4.14285714285714,17.2857142857143,-33.2857142857143,-28.8571428571429,5.85714285714286
"553543",2021-08-12,-3.42857142857143,17.5714285714286,-32.5714285714286,-28.4285714285714,5.57142857142857
"553544",2021-08-13,-3.14285714285714,17.8571428571429,-32.2857142857143,-28.1428571428571,5.42857142857143
"553545",2021-08-14,-2.85714285714286,17.8571428571429,-31.7142857142857,-28,5.28571428571429
"553546",2021-08-15,-2.71428571428571,18,-31.4285714285714,-27.8571428571429,5.14285714285714
"553547",2021-08-16,-2.71428571428571,18,-31.1428571428571,-27.7142857142857,5
"553548",2021-08-17,-2.71428571428571,18,-31.2857142857143,-27.7142857142857,5
"553549",2021-08-18,-2.71428571428571,17.8571428571429,-31,-27.2857142857143,5
"553550",2021-08-19,-2.71428571428571,17.8571428571429,-30.8571428571429,-27,4.85714285714286
"553551",2021-08-20,-3,17.4285714285714,-31,-26.8571428571429,5
"553552",2021-08-21,-2.57142857142857,17.5714285714286,-30.8571428571429,-26.7142857142857,4.85714285714286
"553553",2021-08-22,-2.57142857142857,17.1428571428571,-30.4285714285714,-26.5714285714286,4.85714285714286
"553554",2021-08-23,-2.28571428571429,17.1428571428571,-30,-26.4285714285714,4.71428571428571
"553555",2021-08-24,-2,17.2857142857143,-29.5714285714286,-26.1428571428571,4.42857142857143
"553556",2021-08-25,-1.57142857142857,17.8571428571429,-29.2857142857143,-26.1428571428571,4.28571428571429
"553557",2021-08-26,-1.28571428571429,18.2857142857143,-28.8571428571429,-26.1428571428571,4.14285714285714
"553558",2021-08-27,-0.428571428571429,19,-28.1428571428571,-25.8571428571429,3.71428571428571
"553559",2021-08-28,0,19.4285714285714,-27,-25.5714285714286,3.42857142857143
"553560",2021-08-29,0.428571428571429,20.5714285714286,-27.4285714285714,-25.7142857142857,3.28571428571429
"553561",2021-08-30,0.571428571428571,21.2857142857143,-27.5714285714286,-25.2857142857143,3.28571428571429
"553562",2021-08-31,0.142857142857143,21.7142857142857,-27.8571428571429,-24.8571428571429,3.42857142857143
"553563",2021-09-01,-0.714285714285714,21.5714285714286,-28.1428571428571,-24.2857142857143,3.42857142857143
"553564",2021-09-02,-1.57142857142857,21.4285714285714,-28.5714285714286,-23.5714285714286,3.42857142857143
"553565",2021-09-03,-2,21.2857142857143,-28.7142857142857,-22.8571428571429,3.42857142857143
"553566",2021-09-04,-1.85714285714286,21.1428571428571,-29.2857142857143,-22.8571428571429,3.71428571428571
"553567",2021-09-05,-1.85714285714286,21.1428571428571,-29.2857142857143,-22.8571428571429,4
"553568",2021-09-06,-2.71428571428571,20.4285714285714,-29,-22.4285714285714,3.85714285714286
"553569",2021-09-07,-2.57142857142857,20.2857142857143,-28.1428571428571,-22.1428571428571,3.57142857142857
"553570",2021-09-08,-2.85714285714286,20.1428571428571,-28.1428571428571,-22,3.57142857142857
"553571",2021-09-09,-3,19.8571428571429,-28,-21.8571428571429,3.57142857142857
"553572",2021-09-10,-2.85714285714286,19.8571428571429,-27.7142857142857,-21.7142857142857,3.42857142857143
"553573",2021-09-11,-3,19.4285714285714,-27.1428571428571,-21.7142857142857,3.42857142857143
"553574",2021-09-12,-3.28571428571429,19,-27.1428571428571,-22,3.42857142857143
"553575",2021-09-13,-3.85714285714286,18.8571428571429,-27.4285714285714,-21.8571428571429,3.57142857142857
"553576",2021-09-14,-4.71428571428571,18.2857142857143,-27.8571428571429,-21.7142857142857,3.71428571428571
"553577",2021-09-15,-4.71428571428571,18.1428571428571,-27.5714285714286,-21.5714285714286,3.57142857142857
"553578",2021-09-16,-4.71428571428571,18,-27.2857142857143,-21.5714285714286,3.57142857142857
"553579",2021-09-17,-4.85714285714286,17.7142857142857,-27.4285714285714,-21.7142857142857,3.71428571428571
"553580",2021-09-18,-4.71428571428571,17.8571428571429,-27.7142857142857,-22.1428571428571,3.57142857142857
"553581",2021-09-19,-4.42857142857143,18.1428571428571,-27.5714285714286,-22.2857142857143,3.42857142857143
"553582",2021-09-20,-4.14285714285714,18.1428571428571,-27.1428571428571,-22,3.28571428571429
"553583",2021-09-21,-4.28571428571429,18,-27,-21.5714285714286,3.28571428571429
"553584",2021-09-22,-4.28571428571429,17.8571428571429,-26.8571428571429,-20.8571428571429,3.28571428571429
"553585",2021-09-23,-4.14285714285714,17.8571428571429,-26.4285714285714,-20.2857142857143,3.14285714285714
"553586",2021-09-24,-4.14285714285714,18,-26,-19.7142857142857,3
"553587",2021-09-25,-4.14285714285714,18,-26,-19.5714285714286,3
"553588",2021-09-26,-5,17.2857142857143,-26.7142857142857,-19.7142857142857,3.28571428571429
"553589",2021-09-27,-5,17.2857142857143,-26.7142857142857,-19.5714285714286,3.28571428571429
"553590",2021-09-28,-5.14285714285714,17.2857142857143,-26.8571428571429,-19.2857142857143,3.28571428571429
"553591",2021-09-29,-5.42857142857143,17.1428571428571,-27,-19.4285714285714,3.28571428571429
"553592",2021-09-30,-5.71428571428571,17,-27.4285714285714,-19.4285714285714,3.42857142857143
"553593",2021-10-01,-5.57142857142857,17,-27.5714285714286,-19.2857142857143,3.42857142857143
"553594",2021-10-02,-5.28571428571429,17.2857142857143,-28.2857142857143,-19.4285714285714,3.57142857142857
"553595",2021-10-03,-4.85714285714286,17.5714285714286,-28.2857142857143,-19.5714285714286,3.42857142857143
"553596",2021-10-04,-5.28571428571429,17.1428571428571,-28.5714285714286,-19.4285714285714,3.42857142857143
"553597",2021-10-05,-5,17.4285714285714,-28.5714285714286,-19.4285714285714,3.28571428571429
"553598",2021-10-06,-5.14285714285714,17.4285714285714,-28.8571428571429,-19.2857142857143,3.42857142857143
"553599",2021-10-07,-5.28571428571429,17.2857142857143,-28.7142857142857,-19.1428571428571,3.42857142857143
"553600",2021-10-08,-5.42857142857143,17.1428571428571,-28.5714285714286,-19,3.42857142857143
"553601",2021-10-09,-5.42857142857143,17,-28.2857142857143,-19,3.42857142857143
"553602",2021-10-10,-4.85714285714286,17.1428571428571,-27.7142857142857,-19.1428571428571,3.28571428571429
"553603",2021-10-11,-4.71428571428571,17.4285714285714,-27.4285714285714,-18.8571428571429,3.28571428571429
"553604",2021-10-12,-4.85714285714286,17.1428571428571,-27.1428571428571,-18.5714285714286,3.28571428571429
"553605",2021-10-13,-4.71428571428571,17,-26.7142857142857,-18.4285714285714,3.14285714285714
"553606",2021-10-14,-4.71428571428571,17,-26.7142857142857,-18.1428571428571,3
"553607",2021-10-15,-4.57142857142857,16.5714285714286,-26.8571428571429,-18,3
"553608",2021-10-16,-4.71428571428571,15.8571428571429,-27,-18.1428571428571,3.14285714285714
"553609",2021-10-17,-5,15.2857142857143,-27.4285714285714,-18.1428571428571,3.42857142857143
"553610",2021-10-18,-5,14.7142857142857,-27.5714285714286,-18,3.42857142857143
"553611",2021-10-19,-5.14285714285714,14.1428571428571,-27.8571428571429,-18,3.57142857142857
"553612",2021-10-20,-5,13.8571428571429,-28,-18,3.57142857142857
"553613",2021-10-21,-4.14285714285714,14,-27.7142857142857,-18,3.57142857142857
"553614",2021-10-22,-3.85714285714286,14.1428571428571,-27.5714285714286,-18.2857142857143,3.57142857142857
"553615",2021-10-23,-4,14.2857142857143,-27.5714285714286,-18.7142857142857,3.42857142857143
"553616",2021-10-24,-2.57142857142857,13.5714285714286,-26.7142857142857,-18.7142857142857,3
"553617",2021-10-25,-0.714285714285714,12.1428571428571,-28.1428571428571,-25.8571428571429,4.28571428571429
"553618",2021-10-26,0.285714285714286,12.5714285714286,-28.2857142857143,-27.8571428571429,4.57142857142857
"553619",2021-10-27,0.571428571428571,12,-28.8571428571429,-29.5714285714286,5.14285714285714
"553620",2021-10-28,0.857142857142857,11.4285714285714,-29.2857142857143,-31.4285714285714,5.57142857142857
"553621",2021-10-29,1,11.1428571428571,-29.7142857142857,-32.8571428571429,6
"553622",2021-10-30,1.28571428571429,11.5714285714286,-29.4285714285714,-32.2857142857143,6
"553623",2021-10-31,-1,12.7142857142857,-30.2857142857143,-32.1428571428571,6.42857142857143
"553624",2021-11-01,-3.14285714285714,14.1428571428571,-28.8571428571429,-25.1428571428571,5.28571428571429
"553625",2021-11-02,-3.85714285714286,14.2857142857143,-28.5714285714286,-23,5
"553626",2021-11-03,-4.14285714285714,15,-28,-21.1428571428571,4.57142857142857
"553627",2021-11-04,-5,15.2857142857143,-27.7142857142857,-19.1428571428571,4.28571428571429
"553628",2021-11-05,-5.57142857142857,15.4285714285714,-27.1428571428571,-17.4285714285714,4.14285714285714
"553629",2021-11-06,-5.85714285714286,14.8571428571429,-27.7142857142857,-17.5714285714286,4.42857142857143
"553630",2021-11-07,-4.57142857142857,14.5714285714286,-27.1428571428571,-17.8571428571429,4.42857142857143
"553631",2021-11-08,-4.42857142857143,14.8571428571429,-27,-17.7142857142857,4.42857142857143
"553632",2021-11-09,-4.57142857142857,14.4285714285714,-27.1428571428571,-17.7142857142857,4.57142857142857
"553633",2021-11-10,-4.57142857142857,14.2857142857143,-27,-17.5714285714286,4.57142857142857
"553634",2021-11-11,-4.42857142857143,14,-26.8571428571429,-17.7142857142857,4.71428571428571
"553635",2021-11-12,-4.57142857142857,14,-27.1428571428571,-17.7142857142857,4.71428571428571
"553636",2021-11-13,-4.28571428571429,14,-26.4285714285714,-17.7142857142857,4.71428571428571
"553637",2021-11-14,-4.57142857142857,14,-26.4285714285714,-17.8571428571429,4.71428571428571
"553638",2021-11-15,-4.28571428571429,14,-26.2857142857143,-17.8571428571429,4.71428571428571
"553639",2021-11-16,-4.28571428571429,14,-26.4285714285714,-17.8571428571429,4.71428571428571
"553640",2021-11-17,-4.14285714285714,14.1428571428571,-26.7142857142857,-18,4.85714285714286
"553641",2021-11-18,-4.14285714285714,14.4285714285714,-27,-18,4.85714285714286
"553642",2021-11-19,-3.71428571428571,14.5714285714286,-26.8571428571429,-18.1428571428571,4.85714285714286
"553643",2021-11-20,-3.85714285714286,14.7142857142857,-27.4285714285714,-18.2857142857143,4.85714285714286
"553644",2021-11-21,-3.42857142857143,14.7142857142857,-27,-18.4285714285714,4.85714285714286
"553645",2021-11-22,-3.14285714285714,14.7142857142857,-27,-18.5714285714286,5
"553646",2021-11-23,-3,14.7142857142857,-27,-18.8571428571429,5.14285714285714
"553647",2021-11-24,-3.28571428571429,14.5714285714286,-27.2857142857143,-19.1428571428571,5.28571428571429
"553648",2021-11-25,-3,14.8571428571429,-27.4285714285714,-19.4285714285714,5.42857142857143
"553649",2021-11-26,-3,15.4285714285714,-27.7142857142857,-19.7142857142857,5.57142857142857
"553650",2021-11-27,-3,15.2857142857143,-27.7142857142857,-19.7142857142857,5.71428571428571
"553651",2021-11-28,-3.28571428571429,15,-28,-19.5714285714286,5.85714285714286
"553652",2021-11-29,-3,15.1428571428571,-28.2857142857143,-19.7142857142857,5.85714285714286
"553653",2021-11-30,-3.14285714285714,15.1428571428571,-28.7142857142857,-19.7142857142857,5.85714285714286
"553654",2021-12-01,-2.71428571428571,15.4285714285714,-28.7142857142857,-19.7142857142857,5.85714285714286
"553655",2021-12-02,-2.85714285714286,15.1428571428571,-29,-19.5714285714286,5.85714285714286
"553656",2021-12-03,-2.85714285714286,14.5714285714286,-29.1428571428571,-19.4285714285714,5.85714285714286
"553657",2021-12-04,-2.71428571428571,14.8571428571429,-29.1428571428571,-19.1428571428571,5.85714285714286
"553658",2021-12-05,-2.14285714285714,15.1428571428571,-29.5714285714286,-18.8571428571429,5.71428571428571
"553659",2021-12-06,-1.85714285714286,16,-29.8571428571429,-19,5.71428571428571
"553660",2021-12-07,-6.14285714285714,12,-32.8571428571429,-21.8571428571429,7.42857142857143
"553661",2021-12-08,-6.57142857142857,11.7142857142857,-34.1428571428571,-23,7.85714285714286
"553662",2021-12-09,-6.14285714285714,12.2857142857143,-34.1428571428571,-22.7142857142857,7.71428571428571
"553663",2021-12-10,-5.71428571428571,12.5714285714286,-34.1428571428571,-22.2857142857143,7.57142857142857
"553664",2021-12-11,-5.28571428571429,12.8571428571429,-33.8571428571429,-21.4285714285714,7.42857142857143
"553665",2021-12-12,-5.42857142857143,12.7142857142857,-34.1428571428571,-20.7142857142857,7.57142857142857
"553666",2021-12-13,-4.71428571428571,12.5714285714286,-33.8571428571429,-20.1428571428571,7.42857142857143
"553667",2021-12-14,1.42857142857143,17.7142857142857,-30.1428571428571,-16.8571428571429,5.57142857142857
"553668",2021-12-15,3.71428571428571,19,-28.1428571428571,-15.2857142857143,4.85714285714286
"553669",2021-12-16,5.14285714285714,19.7142857142857,-27.4285714285714,-15.2857142857143,4.71428571428571
"553670",2021-12-17,6.14285714285714,20.4285714285714,-27.1428571428571,-15.1428571428571,4.57142857142857
"553671",2021-12-18,7,21.2857142857143,-26,-15,4.42857142857143
"553672",2021-12-19,8.57142857142857,22.4285714285714,-25.1428571428571,-14,4.14285714285714
"553673",2021-12-20,11.1428571428571,24.7142857142857,-24.8571428571429,-14.2857142857143,4.14285714285714
"553674",2021-12-21,14,27.4285714285714,-24.5714285714286,-15,4.14285714285714
"553675",2021-12-22,17,31.2857142857143,-24.4285714285714,-16.4285714285714,4.28571428571429
"553676",2021-12-23,20.5714285714286,37,-24.2857142857143,-20.1428571428571,4.71428571428571
"553677",2021-12-24,18.1428571428571,38.2857142857143,-27.2857142857143,-26.8571428571429,6.57142857142857
"553678",2021-12-25,4.28571428571429,22.1428571428571,-37.7142857142857,-37.5714285714286,8.57142857142857
"553679",2021-12-26,-4.42857142857143,13.5714285714286,-42,-44.2857142857143,9.28571428571429
"553680",2021-12-27,-9.14285714285714,7,-45.1428571428571,-51.8571428571429,11.1428571428571
"553681",2021-12-28,-13.4285714285714,1.42857142857143,-48,-58.8571428571429,13
"553682",2021-12-29,-18.4285714285714,-4.71428571428571,-50.7142857142857,-64,14.7142857142857
"553683",2021-12-30,-25.4285714285714,-12.8571428571429,-54.1428571428571,-66.7142857142857,16.4285714285714
"553684",2021-12-31,-27.1428571428571,-15.5714285714286,-54.8571428571429,-66.5714285714286,16.8571428571429
"553685",2022-01-01,-22.7142857142857,-9.57142857142857,-50.8571428571429,-63.7142857142857,16.7142857142857
"553686",2022-01-02,-18.8571428571429,-3.85714285714286,-49.4285714285714,-60.5714285714286,17
"553687",2022-01-03,-19.4285714285714,-2.14285714285714,-49.7142857142857,-60.1428571428571,17.4285714285714
"553688",2022-01-04,-21.1428571428571,-1,-49.5714285714286,-55.8571428571429,16.8571428571429
"553689",2022-01-05,-23.1428571428571,-0.857142857142857,-49.5714285714286,-52.2857142857143,16.4285714285714
"553690",2022-01-06,-25,-1.42857142857143,-49.2857142857143,-47.7142857142857,15.7142857142857
"553691",2022-01-07,-25.8571428571429,-3,-48.7142857142857,-42.8571428571429,15
"553692",2022-01-08,-20.4285714285714,4.57142857142857,-46.2857142857143,-37.1428571428571,14.4285714285714
"553693",2022-01-09,-20.4285714285714,4.85714285714286,-46.5714285714286,-35.8571428571429,14.4285714285714
"553694",2022-01-10,-21.2857142857143,5.42857142857143,-45.4285714285714,-29.2857142857143,12.8571428571429
"553695",2022-01-11,-21.7142857142857,5.14285714285714,-45,-26.8571428571429,12.1428571428571
"553696",2022-01-12,-21.5714285714286,5,-44.5714285714286,-24.7142857142857,11.4285714285714
"553697",2022-01-13,-20.4285714285714,5.71428571428571,-43.8571428571429,-23.5714285714286,10.8571428571429
"553698",2022-01-14,-18.8571428571429,6.85714285714286,-42.7142857142857,-22.4285714285714,10.1428571428571
"553699",2022-01-15,-17.7142857142857,8,-41.8571428571429,-21.4285714285714,9.42857142857143
"553700",2022-01-16,-16.2857142857143,8.57142857142857,-41.1428571428571,-20.8571428571429,9
"553701",2022-01-17,-15.8571428571429,8.71428571428571,-40.7142857142857,-20.2857142857143,8.71428571428571
"553702",2022-01-18,-15.7142857142857,8.42857142857143,-40.4285714285714,-19.7142857142857,8.57142857142857
"553703",2022-01-19,-15.2857142857143,8.57142857142857,-40,-19.1428571428571,8.28571428571429
"553704",2022-01-20,-14.7142857142857,8.71428571428571,-39.4285714285714,-18.5714285714286,8
"553705",2022-01-21,-14.2857142857143,8.71428571428571,-39,-18.1428571428571,7.71428571428571
"553706",2022-01-22,-13.2857142857143,8.14285714285714,-38.4285714285714,-17.7142857142857,7.42857142857143
"553707",2022-01-23,-12.8571428571429,8,-37.7142857142857,-17.2857142857143,7.14285714285714
"553708",2022-01-24,-12.2857142857143,8,-37.1428571428571,-17,7
"553709",2022-01-25,-11.4285714285714,8.42857142857143,-36.5714285714286,-16.7142857142857,6.71428571428571
"553710",2022-01-26,-10.7142857142857,8.28571428571429,-36.2857142857143,-16.4285714285714,6.57142857142857
"553711",2022-01-27,-9.85714285714286,8.28571428571429,-35.7142857142857,-16.2857142857143,6.28571428571429
"553712",2022-01-28,-9,8.28571428571429,-35.1428571428571,-16.1428571428571,6
"553713",2022-01-29,-8.28571428571429,8.42857142857143,-34.5714285714286,-16,5.85714285714286
"553714",2022-01-30,-8,8.42857142857143,-34.4285714285714,-16,5.85714285714286
"553715",2022-01-31,-7.71428571428571,8.57142857142857,-34.2857142857143,-15.8571428571429,5.71428571428571
"553716",2022-02-01,-7.57142857142857,8.85714285714286,-34,-15.7142857142857,5.71428571428571
"553717",2022-02-02,-7.28571428571429,9.28571428571429,-33.4285714285714,-15.5714285714286,5.57142857142857
"553718",2022-02-03,-7.28571428571429,9.42857142857143,-33.1428571428571,-15.4285714285714,5.57142857142857
